image_name,image_label
images/flowers_76/image_00001.jpg,76
images/flowers_76/image_00002.jpg,76
images/flowers_76/image_00003.jpg,76
images/flowers_76/image_00004.jpg,76
images/flowers_76/image_00005.jpg,76
images/flowers_76/image_00006.jpg,76
images/flowers_76/image_00007.jpg,76
images/flowers_76/image_00008.jpg,76
images/flowers_76/image_00009.jpg,76
images/flowers_76/image_00010.jpg,76
images/flowers_76/image_00011.jpg,76
images/flowers_76/image_00012.jpg,76
images/flowers_76/image_00013.jpg,76
images/flowers_76/image_00014.jpg,76
images/flowers_76/image_00015.jpg,76
images/flowers_76/image_00016.jpg,76
images/flowers_76/image_00017.jpg,76
images/flowers_76/image_00018.jpg,76
images/flowers_76/image_00019.jpg,76
images/flowers_76/image_00020.jpg,76
images/flowers_76/image_00021.jpg,76
images/flowers_76/image_00022.jpg,76
images/flowers_76/image_00023.jpg,76
images/flowers_76/image_00024.jpg,76
images/flowers_76/image_00025.jpg,76
images/flowers_76/image_00026.jpg,76
images/flowers_76/image_00027.jpg,76
images/flowers_76/image_00028.jpg,76
images/flowers_76/image_00029.jpg,76
images/flowers_76/image_00030.jpg,76
images/flowers_76/image_00031.jpg,76
images/flowers_76/image_00032.jpg,76
images/flowers_76/image_00033.jpg,76
images/flowers_76/image_00034.jpg,76
images/flowers_76/image_00035.jpg,76
images/flowers_76/image_00036.jpg,76
images/flowers_76/image_00037.jpg,76
images/flowers_76/image_00038.jpg,76
images/flowers_76/image_00039.jpg,76
images/flowers_76/image_00040.jpg,76
images/flowers_76/image_00041.jpg,76
images/flowers_76/image_00042.jpg,76
images/flowers_76/image_00043.jpg,76
images/flowers_76/image_00044.jpg,76
images/flowers_76/image_00045.jpg,76
images/flowers_76/image_00046.jpg,76
images/flowers_76/image_00047.jpg,76
images/flowers_76/image_00048.jpg,76
images/flowers_76/image_00049.jpg,76
images/flowers_76/image_00050.jpg,76
images/flowers_76/image_00051.jpg,76
images/flowers_76/image_00052.jpg,76
images/flowers_76/image_00053.jpg,76
images/flowers_76/image_00054.jpg,76
images/flowers_76/image_00055.jpg,76
images/flowers_76/image_00056.jpg,76
images/flowers_76/image_00057.jpg,76
images/flowers_76/image_00058.jpg,76
images/flowers_76/image_00059.jpg,76
images/flowers_76/image_00060.jpg,76
images/flowers_76/image_00061.jpg,76
images/flowers_76/image_00062.jpg,76
images/flowers_76/image_00063.jpg,76
images/flowers_76/image_00064.jpg,76
images/flowers_76/image_00065.jpg,76
images/flowers_76/image_00066.jpg,76
images/flowers_76/image_00067.jpg,76
images/flowers_76/image_00068.jpg,76
images/flowers_76/image_00069.jpg,76
images/flowers_76/image_00070.jpg,76
images/flowers_76/image_00071.jpg,76
images/flowers_76/image_00072.jpg,76
images/flowers_76/image_00073.jpg,76
images/flowers_76/image_00074.jpg,76
images/flowers_76/image_00075.jpg,76
images/flowers_76/image_00076.jpg,76
images/flowers_76/image_00077.jpg,76
images/flowers_76/image_00078.jpg,76
images/flowers_76/image_00079.jpg,76
images/flowers_76/image_00080.jpg,76
images/flowers_76/image_00081.jpg,76
images/flowers_76/image_00082.jpg,76
images/flowers_76/image_00083.jpg,76
images/flowers_76/image_00084.jpg,76
images/flowers_76/image_00085.jpg,76
images/flowers_76/image_00086.jpg,76
images/flowers_76/image_00087.jpg,76
images/flowers_76/image_00088.jpg,76
images/flowers_76/image_00089.jpg,76
images/flowers_76/image_00090.jpg,76
images/flowers_76/image_00091.jpg,76
images/flowers_76/image_00092.jpg,76
images/flowers_76/image_00093.jpg,76
images/flowers_76/image_00094.jpg,76
images/flowers_76/image_00095.jpg,76
images/flowers_76/image_00096.jpg,76
images/flowers_76/image_00097.jpg,76
images/flowers_76/image_00098.jpg,76
images/flowers_76/image_00099.jpg,76
images/flowers_76/image_00100.jpg,76
images/flowers_76/image_00101.jpg,76
images/flowers_76/image_00102.jpg,76
images/flowers_76/image_00103.jpg,76
images/flowers_76/image_00104.jpg,76
images/flowers_76/image_00105.jpg,76
images/flowers_76/image_00106.jpg,76
images/flowers_76/image_00107.jpg,76
images/flowers_76/image_00108.jpg,76
images/flowers_76/image_00109.jpg,76
images/flowers_76/image_00110.jpg,76
images/flowers_76/image_00111.jpg,76
images/flowers_76/image_00112.jpg,76
images/flowers_76/image_00113.jpg,76
images/flowers_76/image_00114.jpg,76
images/flowers_76/image_00115.jpg,76
images/flowers_76/image_00116.jpg,76
images/flowers_76/image_00117.jpg,76
images/flowers_76/image_00118.jpg,76
images/flowers_76/image_00119.jpg,76
images/flowers_76/image_00120.jpg,76
images/flowers_76/image_00121.jpg,76
images/flowers_76/image_00122.jpg,76
images/flowers_76/image_00123.jpg,76
images/flowers_76/image_00124.jpg,76
images/flowers_76/image_00125.jpg,76
images/flowers_76/image_00126.jpg,76
images/flowers_76/image_00127.jpg,76
images/flowers_76/image_00128.jpg,76
images/flowers_76/image_00129.jpg,76
images/flowers_76/image_00130.jpg,76
images/flowers_76/image_00131.jpg,76
images/flowers_76/image_00132.jpg,76
images/flowers_76/image_00133.jpg,76
images/flowers_76/image_00134.jpg,76
images/flowers_76/image_00135.jpg,76
images/flowers_76/image_00136.jpg,76
images/flowers_76/image_00137.jpg,76
images/flowers_76/image_00138.jpg,76
images/flowers_76/image_00139.jpg,76
images/flowers_76/image_00140.jpg,76
images/flowers_76/image_00141.jpg,76
images/flowers_76/image_00142.jpg,76
images/flowers_76/image_00143.jpg,76
images/flowers_76/image_00144.jpg,76
images/flowers_76/image_00145.jpg,76
images/flowers_76/image_00146.jpg,76
images/flowers_76/image_00147.jpg,76
images/flowers_76/image_00148.jpg,76
images/flowers_76/image_00149.jpg,76
images/flowers_76/image_00150.jpg,76
images/flowers_76/image_00151.jpg,76
images/flowers_72/image_00252.jpg,72
images/flowers_72/image_00253.jpg,72
images/flowers_72/image_00254.jpg,72
images/flowers_72/image_00255.jpg,72
images/flowers_72/image_00256.jpg,72
images/flowers_72/image_00257.jpg,72
images/flowers_72/image_00258.jpg,72
images/flowers_72/image_00259.jpg,72
images/flowers_72/image_00260.jpg,72
images/flowers_72/image_00261.jpg,72
images/flowers_72/image_00262.jpg,72
images/flowers_72/image_00263.jpg,72
images/flowers_72/image_00264.jpg,72
images/flowers_72/image_00265.jpg,72
images/flowers_72/image_00266.jpg,72
images/flowers_72/image_00267.jpg,72
images/flowers_72/image_00268.jpg,72
images/flowers_72/image_00269.jpg,72
images/flowers_72/image_00270.jpg,72
images/flowers_72/image_00271.jpg,72
images/flowers_72/image_00272.jpg,72
images/flowers_72/image_00273.jpg,72
images/flowers_72/image_00274.jpg,72
images/flowers_72/image_00275.jpg,72
images/flowers_72/image_00276.jpg,72
images/flowers_72/image_00277.jpg,72
images/flowers_72/image_00278.jpg,72
images/flowers_72/image_00279.jpg,72
images/flowers_72/image_00280.jpg,72
images/flowers_72/image_00281.jpg,72
images/flowers_72/image_00282.jpg,72
images/flowers_72/image_00283.jpg,72
images/flowers_72/image_00284.jpg,72
images/flowers_72/image_00285.jpg,72
images/flowers_72/image_00286.jpg,72
images/flowers_72/image_00287.jpg,72
images/flowers_72/image_00288.jpg,72
images/flowers_72/image_00289.jpg,72
images/flowers_72/image_00290.jpg,72
images/flowers_72/image_00291.jpg,72
images/flowers_72/image_00292.jpg,72
images/flowers_72/image_00293.jpg,72
images/flowers_72/image_00294.jpg,72
images/flowers_72/image_00295.jpg,72
images/flowers_72/image_00296.jpg,72
images/flowers_72/image_00297.jpg,72
images/flowers_72/image_00298.jpg,72
images/flowers_72/image_00299.jpg,72
images/flowers_72/image_00300.jpg,72
images/flowers_72/image_00301.jpg,72
images/flowers_72/image_00302.jpg,72
images/flowers_72/image_00303.jpg,72
images/flowers_72/image_00304.jpg,72
images/flowers_72/image_00305.jpg,72
images/flowers_72/image_00306.jpg,72
images/flowers_72/image_00307.jpg,72
images/flowers_72/image_00308.jpg,72
images/flowers_72/image_00309.jpg,72
images/flowers_72/image_00310.jpg,72
images/flowers_72/image_00311.jpg,72
images/flowers_72/image_00312.jpg,72
images/flowers_72/image_00313.jpg,72
images/flowers_72/image_00314.jpg,72
images/flowers_72/image_00315.jpg,72
images/flowers_72/image_00316.jpg,72
images/flowers_72/image_00317.jpg,72
images/flowers_72/image_00318.jpg,72
images/flowers_72/image_00319.jpg,72
images/flowers_72/image_00320.jpg,72
images/flowers_72/image_00321.jpg,72
images/flowers_72/image_00322.jpg,72
images/flowers_72/image_00323.jpg,72
images/flowers_72/image_00324.jpg,72
images/flowers_72/image_00325.jpg,72
images/flowers_72/image_00326.jpg,72
images/flowers_72/image_00327.jpg,72
images/flowers_72/image_00328.jpg,72
images/flowers_72/image_00329.jpg,72
images/flowers_72/image_00330.jpg,72
images/flowers_72/image_00331.jpg,72
images/flowers_72/image_00332.jpg,72
images/flowers_72/image_00333.jpg,72
images/flowers_72/image_00334.jpg,72
images/flowers_72/image_00335.jpg,72
images/flowers_72/image_00336.jpg,72
images/flowers_72/image_00337.jpg,72
images/flowers_72/image_00338.jpg,72
images/flowers_72/image_00339.jpg,72
images/flowers_72/image_00340.jpg,72
images/flowers_72/image_00341.jpg,72
images/flowers_72/image_00342.jpg,72
images/flowers_72/image_00343.jpg,72
images/flowers_72/image_00344.jpg,72
images/flowers_72/image_00345.jpg,72
images/flowers_72/image_00346.jpg,72
images/flowers_72/image_00347.jpg,72
images/flowers_72/image_00348.jpg,72
images/flowers_72/image_00349.jpg,72
images/flowers_72/image_00350.jpg,72
images/flowers_72/image_00351.jpg,72
images/flowers_72/image_00352.jpg,72
images/flowers_72/image_00353.jpg,72
images/flowers_72/image_00354.jpg,72
images/flowers_72/image_00355.jpg,72
images/flowers_72/image_00356.jpg,72
images/flowers_72/image_00357.jpg,72
images/flowers_72/image_00358.jpg,72
images/flowers_72/image_00359.jpg,72
images/flowers_72/image_00360.jpg,72
images/flowers_72/image_00361.jpg,72
images/flowers_72/image_00362.jpg,72
images/flowers_72/image_00363.jpg,72
images/flowers_72/image_00364.jpg,72
images/flowers_72/image_00365.jpg,72
images/flowers_72/image_00366.jpg,72
images/flowers_72/image_00367.jpg,72
images/flowers_72/image_00368.jpg,72
images/flowers_87/image_00446.jpg,87
images/flowers_87/image_00447.jpg,87
images/flowers_87/image_00448.jpg,87
images/flowers_87/image_00449.jpg,87
images/flowers_87/image_00450.jpg,87
images/flowers_87/image_00451.jpg,87
images/flowers_87/image_00452.jpg,87
images/flowers_87/image_00453.jpg,87
images/flowers_87/image_00454.jpg,87
images/flowers_87/image_00455.jpg,87
images/flowers_87/image_00456.jpg,87
images/flowers_87/image_00457.jpg,87
images/flowers_87/image_00458.jpg,87
images/flowers_87/image_00459.jpg,87
images/flowers_87/image_00460.jpg,87
images/flowers_87/image_00461.jpg,87
images/flowers_87/image_00462.jpg,87
images/flowers_87/image_00463.jpg,87
images/flowers_87/image_00464.jpg,87
images/flowers_87/image_00465.jpg,87
images/flowers_87/image_00466.jpg,87
images/flowers_87/image_00467.jpg,87
images/flowers_87/image_00468.jpg,87
images/flowers_87/image_00469.jpg,87
images/flowers_87/image_00470.jpg,87
images/flowers_87/image_00471.jpg,87
images/flowers_87/image_00472.jpg,87
images/flowers_87/image_00473.jpg,87
images/flowers_87/image_00474.jpg,87
images/flowers_87/image_00475.jpg,87
images/flowers_87/image_00476.jpg,87
images/flowers_87/image_00477.jpg,87
images/flowers_87/image_00478.jpg,87
images/flowers_87/image_00479.jpg,87
images/flowers_87/image_00480.jpg,87
images/flowers_87/image_00481.jpg,87
images/flowers_87/image_00482.jpg,87
images/flowers_87/image_00483.jpg,87
images/flowers_87/image_00484.jpg,87
images/flowers_87/image_00485.jpg,87
images/flowers_87/image_00486.jpg,87
images/flowers_87/image_00487.jpg,87
images/flowers_87/image_00488.jpg,87
images/flowers_87/image_00489.jpg,87
images/flowers_87/image_00490.jpg,87
images/flowers_87/image_00491.jpg,87
images/flowers_87/image_00492.jpg,87
images/flowers_87/image_00493.jpg,87
images/flowers_87/image_00494.jpg,87
images/flowers_87/image_00495.jpg,87
images/flowers_87/image_00496.jpg,87
images/flowers_87/image_00497.jpg,87
images/flowers_87/image_00498.jpg,87
images/flowers_87/image_00499.jpg,87
images/flowers_87/image_00500.jpg,87
images/flowers_87/image_00501.jpg,87
images/flowers_87/image_00502.jpg,87
images/flowers_87/image_00503.jpg,87
images/flowers_87/image_00504.jpg,87
images/flowers_87/image_00505.jpg,87
images/flowers_87/image_00506.jpg,87
images/flowers_87/image_00507.jpg,87
images/flowers_87/image_00508.jpg,87
images/flowers_87/image_00509.jpg,87
images/flowers_87/image_00510.jpg,87
images/flowers_87/image_00511.jpg,87
images/flowers_87/image_00512.jpg,87
images/flowers_87/image_00513.jpg,87
images/flowers_87/image_00514.jpg,87
images/flowers_87/image_00515.jpg,87
images/flowers_87/image_00516.jpg,87
images/flowers_87/image_00517.jpg,87
images/flowers_87/image_00518.jpg,87
images/flowers_87/image_00519.jpg,87
images/flowers_87/image_00520.jpg,87
images/flowers_87/image_00521.jpg,87
images/flowers_87/image_00522.jpg,87
images/flowers_87/image_00523.jpg,87
images/flowers_87/image_00524.jpg,87
images/flowers_87/image_00525.jpg,87
images/flowers_87/image_00526.jpg,87
images/flowers_87/image_00527.jpg,87
images/flowers_87/image_00528.jpg,87
images/flowers_87/image_00529.jpg,87
images/flowers_87/image_00530.jpg,87
images/flowers_87/image_00531.jpg,87
images/flowers_87/image_00532.jpg,87
images/flowers_87/image_00533.jpg,87
images/flowers_87/image_00534.jpg,87
images/flowers_87/image_00535.jpg,87
images/flowers_87/image_00536.jpg,87
images/flowers_87/image_00537.jpg,87
images/flowers_87/image_00538.jpg,87
images/flowers_88/image_00598.jpg,88
images/flowers_88/image_00599.jpg,88
images/flowers_88/image_00600.jpg,88
images/flowers_88/image_00601.jpg,88
images/flowers_88/image_00602.jpg,88
images/flowers_88/image_00603.jpg,88
images/flowers_88/image_00604.jpg,88
images/flowers_88/image_00605.jpg,88
images/flowers_88/image_00606.jpg,88
images/flowers_88/image_00607.jpg,88
images/flowers_88/image_00608.jpg,88
images/flowers_88/image_00609.jpg,88
images/flowers_88/image_00610.jpg,88
images/flowers_88/image_00611.jpg,88
images/flowers_88/image_00612.jpg,88
images/flowers_88/image_00613.jpg,88
images/flowers_88/image_00614.jpg,88
images/flowers_88/image_00615.jpg,88
images/flowers_88/image_00616.jpg,88
images/flowers_88/image_00617.jpg,88
images/flowers_88/image_00618.jpg,88
images/flowers_88/image_00619.jpg,88
images/flowers_88/image_00620.jpg,88
images/flowers_88/image_00621.jpg,88
images/flowers_88/image_00622.jpg,88
images/flowers_88/image_00623.jpg,88
images/flowers_88/image_00624.jpg,88
images/flowers_88/image_00625.jpg,88
images/flowers_88/image_00626.jpg,88
images/flowers_88/image_00627.jpg,88
images/flowers_88/image_00628.jpg,88
images/flowers_88/image_00629.jpg,88
images/flowers_88/image_00630.jpg,88
images/flowers_88/image_00631.jpg,88
images/flowers_88/image_00632.jpg,88
images/flowers_88/image_00633.jpg,88
images/flowers_88/image_00634.jpg,88
images/flowers_88/image_00635.jpg,88
images/flowers_88/image_00636.jpg,88
images/flowers_88/image_00637.jpg,88
images/flowers_88/image_00638.jpg,88
images/flowers_88/image_00639.jpg,88
images/flowers_88/image_00640.jpg,88
images/flowers_88/image_00641.jpg,88
images/flowers_88/image_00642.jpg,88
images/flowers_88/image_00643.jpg,88
images/flowers_88/image_00644.jpg,88
images/flowers_88/image_00645.jpg,88
images/flowers_88/image_00646.jpg,88
images/flowers_88/image_00647.jpg,88
images/flowers_88/image_00648.jpg,88
images/flowers_88/image_00649.jpg,88
images/flowers_88/image_00650.jpg,88
images/flowers_88/image_00651.jpg,88
images/flowers_88/image_00652.jpg,88
images/flowers_88/image_00653.jpg,88
images/flowers_88/image_00654.jpg,88
images/flowers_88/image_00655.jpg,88
images/flowers_88/image_00656.jpg,88
images/flowers_88/image_00657.jpg,88
images/flowers_88/image_00658.jpg,88
images/flowers_88/image_00659.jpg,88
images/flowers_88/image_00660.jpg,88
images/flowers_88/image_00661.jpg,88
images/flowers_88/image_00662.jpg,88
images/flowers_88/image_00663.jpg,88
images/flowers_88/image_00664.jpg,88
images/flowers_88/image_00665.jpg,88
images/flowers_88/image_00666.jpg,88
images/flowers_88/image_00667.jpg,88
images/flowers_88/image_00668.jpg,88
images/flowers_88/image_00669.jpg,88
images/flowers_88/image_00670.jpg,88
images/flowers_88/image_00671.jpg,88
images/flowers_88/image_00672.jpg,88
images/flowers_88/image_00673.jpg,88
images/flowers_88/image_00674.jpg,88
images/flowers_88/image_00675.jpg,88
images/flowers_88/image_00676.jpg,88
images/flowers_88/image_00677.jpg,88
images/flowers_88/image_00678.jpg,88
images/flowers_88/image_00679.jpg,88
images/flowers_88/image_00680.jpg,88
images/flowers_88/image_00681.jpg,88
images/flowers_88/image_00682.jpg,88
images/flowers_88/image_00683.jpg,88
images/flowers_88/image_00684.jpg,88
images/flowers_88/image_00685.jpg,88
images/flowers_88/image_00686.jpg,88
images/flowers_88/image_00687.jpg,88
images/flowers_88/image_00688.jpg,88
images/flowers_88/image_00689.jpg,88
images/flowers_88/image_00690.jpg,88
images/flowers_88/image_00691.jpg,88
images/flowers_88/image_00692.jpg,88
images/flowers_88/image_00693.jpg,88
images/flowers_88/image_00694.jpg,88
images/flowers_88/image_00695.jpg,88
images/flowers_88/image_00696.jpg,88
images/flowers_88/image_00697.jpg,88
images/flowers_88/image_00698.jpg,88
images/flowers_88/image_00699.jpg,88
images/flowers_88/image_00700.jpg,88
images/flowers_88/image_00701.jpg,88
images/flowers_88/image_00702.jpg,88
images/flowers_88/image_00703.jpg,88
images/flowers_88/image_00704.jpg,88
images/flowers_88/image_00705.jpg,88
images/flowers_88/image_00706.jpg,88
images/flowers_88/image_00707.jpg,88
images/flowers_88/image_00708.jpg,88
images/flowers_80/image_00781.jpg,80
images/flowers_80/image_00782.jpg,80
images/flowers_80/image_00783.jpg,80
images/flowers_80/image_00784.jpg,80
images/flowers_80/image_00785.jpg,80
images/flowers_80/image_00786.jpg,80
images/flowers_80/image_00787.jpg,80
images/flowers_80/image_00788.jpg,80
images/flowers_80/image_00789.jpg,80
images/flowers_80/image_00790.jpg,80
images/flowers_80/image_00791.jpg,80
images/flowers_80/image_00792.jpg,80
images/flowers_80/image_00793.jpg,80
images/flowers_80/image_00794.jpg,80
images/flowers_80/image_00795.jpg,80
images/flowers_80/image_00796.jpg,80
images/flowers_80/image_00797.jpg,80
images/flowers_80/image_00798.jpg,80
images/flowers_80/image_00799.jpg,80
images/flowers_80/image_00800.jpg,80
images/flowers_80/image_00801.jpg,80
images/flowers_80/image_00802.jpg,80
images/flowers_80/image_00803.jpg,80
images/flowers_80/image_00804.jpg,80
images/flowers_80/image_00805.jpg,80
images/flowers_80/image_00806.jpg,80
images/flowers_80/image_00807.jpg,80
images/flowers_80/image_00808.jpg,80
images/flowers_80/image_00809.jpg,80
images/flowers_80/image_00810.jpg,80
images/flowers_80/image_00811.jpg,80
images/flowers_80/image_00812.jpg,80
images/flowers_80/image_00813.jpg,80
images/flowers_80/image_00814.jpg,80
images/flowers_80/image_00815.jpg,80
images/flowers_80/image_00816.jpg,80
images/flowers_80/image_00817.jpg,80
images/flowers_80/image_00818.jpg,80
images/flowers_80/image_00819.jpg,80
images/flowers_80/image_00820.jpg,80
images/flowers_80/image_00821.jpg,80
images/flowers_80/image_00822.jpg,80
images/flowers_80/image_00823.jpg,80
images/flowers_80/image_00824.jpg,80
images/flowers_80/image_00825.jpg,80
images/flowers_80/image_00826.jpg,80
images/flowers_80/image_00827.jpg,80
images/flowers_80/image_00828.jpg,80
images/flowers_80/image_00829.jpg,80
images/flowers_80/image_00830.jpg,80
images/flowers_80/image_00831.jpg,80
images/flowers_80/image_00832.jpg,80
images/flowers_80/image_00833.jpg,80
images/flowers_80/image_00834.jpg,80
images/flowers_80/image_00835.jpg,80
images/flowers_80/image_00836.jpg,80
images/flowers_80/image_00837.jpg,80
images/flowers_80/image_00838.jpg,80
images/flowers_80/image_00839.jpg,80
images/flowers_80/image_00840.jpg,80
images/flowers_80/image_00841.jpg,80
images/flowers_80/image_00842.jpg,80
images/flowers_80/image_00843.jpg,80
images/flowers_80/image_00844.jpg,80
images/flowers_80/image_00845.jpg,80
images/flowers_80/image_00846.jpg,80
images/flowers_80/image_00847.jpg,80
images/flowers_80/image_00848.jpg,80
images/flowers_80/image_00849.jpg,80
images/flowers_80/image_00850.jpg,80
images/flowers_80/image_00851.jpg,80
images/flowers_80/image_00852.jpg,80
images/flowers_80/image_00853.jpg,80
images/flowers_80/image_00854.jpg,80
images/flowers_80/image_00855.jpg,80
images/flowers_80/image_00856.jpg,80
images/flowers_80/image_00857.jpg,80
images/flowers_80/image_00858.jpg,80
images/flowers_80/image_00859.jpg,80
images/flowers_80/image_00860.jpg,80
images/flowers_80/image_00861.jpg,80
images/flowers_80/image_00862.jpg,80
images/flowers_80/image_00863.jpg,80
images/flowers_80/image_00864.jpg,80
images/flowers_80/image_00865.jpg,80
images/flowers_80/image_00866.jpg,80
images/flowers_80/image_00867.jpg,80
images/flowers_80/image_00868.jpg,80
images/flowers_80/image_00869.jpg,80
images/flowers_80/image_00870.jpg,80
images/flowers_80/image_00871.jpg,80
images/flowers_80/image_00872.jpg,80
images/flowers_80/image_00873.jpg,80
images/flowers_80/image_00874.jpg,80
images/flowers_80/image_00875.jpg,80
images/flowers_80/image_00876.jpg,80
images/flowers_80/image_00877.jpg,80
images/flowers_80/image_00878.jpg,80
images/flowers_80/image_00879.jpg,80
images/flowers_80/image_00880.jpg,80
images/flowers_73/image_01143.jpg,73
images/flowers_73/image_01144.jpg,73
images/flowers_73/image_01145.jpg,73
images/flowers_73/image_01146.jpg,73
images/flowers_73/image_01147.jpg,73
images/flowers_73/image_01148.jpg,73
images/flowers_73/image_01149.jpg,73
images/flowers_73/image_01150.jpg,73
images/flowers_73/image_01151.jpg,73
images/flowers_73/image_01152.jpg,73
images/flowers_73/image_01153.jpg,73
images/flowers_73/image_01154.jpg,73
images/flowers_73/image_01155.jpg,73
images/flowers_73/image_01156.jpg,73
images/flowers_73/image_01157.jpg,73
images/flowers_73/image_01158.jpg,73
images/flowers_73/image_01159.jpg,73
images/flowers_73/image_01160.jpg,73
images/flowers_73/image_01161.jpg,73
images/flowers_73/image_01162.jpg,73
images/flowers_73/image_01163.jpg,73
images/flowers_73/image_01164.jpg,73
images/flowers_73/image_01165.jpg,73
images/flowers_73/image_01166.jpg,73
images/flowers_73/image_01167.jpg,73
images/flowers_73/image_01168.jpg,73
images/flowers_73/image_01169.jpg,73
images/flowers_73/image_01170.jpg,73
images/flowers_73/image_01171.jpg,73
images/flowers_73/image_01172.jpg,73
images/flowers_73/image_01173.jpg,73
images/flowers_73/image_01174.jpg,73
images/flowers_73/image_01175.jpg,73
images/flowers_73/image_01176.jpg,73
images/flowers_73/image_01177.jpg,73
images/flowers_73/image_01178.jpg,73
images/flowers_73/image_01179.jpg,73
images/flowers_73/image_01180.jpg,73
images/flowers_73/image_01181.jpg,73
images/flowers_73/image_01182.jpg,73
images/flowers_73/image_01183.jpg,73
images/flowers_73/image_01184.jpg,73
images/flowers_73/image_01185.jpg,73
images/flowers_73/image_01186.jpg,73
images/flowers_73/image_01187.jpg,73
images/flowers_73/image_01188.jpg,73
images/flowers_73/image_01189.jpg,73
images/flowers_73/image_01190.jpg,73
images/flowers_73/image_01191.jpg,73
images/flowers_73/image_01192.jpg,73
images/flowers_73/image_01193.jpg,73
images/flowers_73/image_01194.jpg,73
images/flowers_73/image_01195.jpg,73
images/flowers_73/image_01196.jpg,73
images/flowers_73/image_01197.jpg,73
images/flowers_73/image_01198.jpg,73
images/flowers_73/image_01199.jpg,73
images/flowers_73/image_01200.jpg,73
images/flowers_73/image_01201.jpg,73
images/flowers_73/image_01202.jpg,73
images/flowers_73/image_01203.jpg,73
images/flowers_73/image_01204.jpg,73
images/flowers_73/image_01205.jpg,73
images/flowers_73/image_01206.jpg,73
images/flowers_73/image_01207.jpg,73
images/flowers_73/image_01208.jpg,73
images/flowers_73/image_01209.jpg,73
images/flowers_73/image_01210.jpg,73
images/flowers_73/image_01211.jpg,73
images/flowers_73/image_01212.jpg,73
images/flowers_73/image_01213.jpg,73
images/flowers_73/image_01214.jpg,73
images/flowers_73/image_01215.jpg,73
images/flowers_73/image_01216.jpg,73
images/flowers_73/image_01217.jpg,73
images/flowers_73/image_01218.jpg,73
images/flowers_73/image_01219.jpg,73
images/flowers_73/image_01220.jpg,73
images/flowers_73/image_01221.jpg,73
images/flowers_73/image_01222.jpg,73
images/flowers_73/image_01223.jpg,73
images/flowers_73/image_01224.jpg,73
images/flowers_73/image_01225.jpg,73
images/flowers_73/image_01226.jpg,73
images/flowers_73/image_01227.jpg,73
images/flowers_73/image_01228.jpg,73
images/flowers_73/image_01229.jpg,73
images/flowers_73/image_01230.jpg,73
images/flowers_73/image_01231.jpg,73
images/flowers_73/image_01232.jpg,73
images/flowers_73/image_01233.jpg,73
images/flowers_73/image_01234.jpg,73
images/flowers_73/image_01235.jpg,73
images/flowers_73/image_01236.jpg,73
images/flowers_73/image_01237.jpg,73
images/flowers_73/image_01238.jpg,73
images/flowers_73/image_01239.jpg,73
images/flowers_73/image_01240.jpg,73
images/flowers_73/image_01241.jpg,73
images/flowers_73/image_01242.jpg,73
images/flowers_73/image_01243.jpg,73
images/flowers_73/image_01244.jpg,73
images/flowers_73/image_01245.jpg,73
images/flowers_81/image_01584.jpg,81
images/flowers_81/image_01585.jpg,81
images/flowers_81/image_01586.jpg,81
images/flowers_81/image_01587.jpg,81
images/flowers_81/image_01588.jpg,81
images/flowers_81/image_01589.jpg,81
images/flowers_81/image_01590.jpg,81
images/flowers_81/image_01591.jpg,81
images/flowers_81/image_01592.jpg,81
images/flowers_81/image_01593.jpg,81
images/flowers_81/image_01594.jpg,81
images/flowers_81/image_01595.jpg,81
images/flowers_81/image_01596.jpg,81
images/flowers_81/image_01597.jpg,81
images/flowers_81/image_01598.jpg,81
images/flowers_81/image_01599.jpg,81
images/flowers_81/image_01600.jpg,81
images/flowers_81/image_01601.jpg,81
images/flowers_81/image_01602.jpg,81
images/flowers_81/image_01603.jpg,81
images/flowers_81/image_01604.jpg,81
images/flowers_81/image_01605.jpg,81
images/flowers_81/image_01606.jpg,81
images/flowers_81/image_01607.jpg,81
images/flowers_81/image_01608.jpg,81
images/flowers_81/image_01609.jpg,81
images/flowers_81/image_01610.jpg,81
images/flowers_81/image_01611.jpg,81
images/flowers_81/image_01612.jpg,81
images/flowers_81/image_01613.jpg,81
images/flowers_81/image_01614.jpg,81
images/flowers_81/image_01615.jpg,81
images/flowers_81/image_01616.jpg,81
images/flowers_81/image_01617.jpg,81
images/flowers_81/image_01618.jpg,81
images/flowers_81/image_01619.jpg,81
images/flowers_81/image_01620.jpg,81
images/flowers_81/image_01621.jpg,81
images/flowers_81/image_01622.jpg,81
images/flowers_81/image_01623.jpg,81
images/flowers_81/image_01624.jpg,81
images/flowers_81/image_01625.jpg,81
images/flowers_81/image_01626.jpg,81
images/flowers_81/image_01627.jpg,81
images/flowers_81/image_01628.jpg,81
images/flowers_81/image_01629.jpg,81
images/flowers_81/image_01630.jpg,81
images/flowers_81/image_01631.jpg,81
images/flowers_81/image_01632.jpg,81
images/flowers_81/image_01633.jpg,81
images/flowers_81/image_01634.jpg,81
images/flowers_81/image_01635.jpg,81
images/flowers_81/image_01636.jpg,81
images/flowers_81/image_01637.jpg,81
images/flowers_81/image_01638.jpg,81
images/flowers_81/image_01639.jpg,81
images/flowers_81/image_01640.jpg,81
images/flowers_81/image_01641.jpg,81
images/flowers_81/image_01642.jpg,81
images/flowers_81/image_01643.jpg,81
images/flowers_81/image_01644.jpg,81
images/flowers_81/image_01645.jpg,81
images/flowers_81/image_01646.jpg,81
images/flowers_81/image_01647.jpg,81
images/flowers_81/image_01648.jpg,81
images/flowers_81/image_01649.jpg,81
images/flowers_81/image_01650.jpg,81
images/flowers_81/image_01651.jpg,81
images/flowers_82/image_01696.jpg,82
images/flowers_82/image_01697.jpg,82
images/flowers_82/image_01698.jpg,82
images/flowers_82/image_01699.jpg,82
images/flowers_82/image_01700.jpg,82
images/flowers_82/image_01701.jpg,82
images/flowers_82/image_01702.jpg,82
images/flowers_82/image_01703.jpg,82
images/flowers_82/image_01704.jpg,82
images/flowers_82/image_01705.jpg,82
images/flowers_82/image_01706.jpg,82
images/flowers_82/image_01707.jpg,82
images/flowers_82/image_01708.jpg,82
images/flowers_82/image_01709.jpg,82
images/flowers_82/image_01710.jpg,82
images/flowers_82/image_01711.jpg,82
images/flowers_82/image_01712.jpg,82
images/flowers_82/image_01713.jpg,82
images/flowers_82/image_01714.jpg,82
images/flowers_82/image_01715.jpg,82
images/flowers_82/image_01716.jpg,82
images/flowers_82/image_01717.jpg,82
images/flowers_82/image_01718.jpg,82
images/flowers_82/image_01719.jpg,82
images/flowers_82/image_01720.jpg,82
images/flowers_82/image_01721.jpg,82
images/flowers_82/image_01722.jpg,82
images/flowers_82/image_01723.jpg,82
images/flowers_82/image_01724.jpg,82
images/flowers_82/image_01725.jpg,82
images/flowers_82/image_01726.jpg,82
images/flowers_82/image_01727.jpg,82
images/flowers_82/image_01728.jpg,82
images/flowers_82/image_01729.jpg,82
images/flowers_82/image_01730.jpg,82
images/flowers_82/image_01731.jpg,82
images/flowers_82/image_01732.jpg,82
images/flowers_82/image_01733.jpg,82
images/flowers_82/image_01734.jpg,82
images/flowers_82/image_01735.jpg,82
images/flowers_82/image_01736.jpg,82
images/flowers_82/image_01737.jpg,82
images/flowers_82/image_01738.jpg,82
images/flowers_82/image_01739.jpg,82
images/flowers_82/image_01740.jpg,82
images/flowers_82/image_01741.jpg,82
images/flowers_82/image_01742.jpg,82
images/flowers_82/image_01743.jpg,82
images/flowers_82/image_01744.jpg,82
images/flowers_82/image_01745.jpg,82
images/flowers_82/image_01746.jpg,82
images/flowers_82/image_01747.jpg,82
images/flowers_82/image_01748.jpg,82
images/flowers_82/image_01749.jpg,82
images/flowers_82/image_01750.jpg,82
images/flowers_82/image_01751.jpg,82
images/flowers_82/image_01752.jpg,82
images/flowers_82/image_01753.jpg,82
images/flowers_82/image_01754.jpg,82
images/flowers_82/image_01755.jpg,82
images/flowers_82/image_01756.jpg,82
images/flowers_82/image_01757.jpg,82
images/flowers_82/image_01758.jpg,82
images/flowers_82/image_01759.jpg,82
images/flowers_82/image_01760.jpg,82
images/flowers_82/image_01761.jpg,82
images/flowers_82/image_01762.jpg,82
images/flowers_82/image_01763.jpg,82
images/flowers_82/image_01764.jpg,82
images/flowers_82/image_01765.jpg,82
images/flowers_82/image_01766.jpg,82
images/flowers_82/image_01767.jpg,82
images/flowers_82/image_01768.jpg,82
images/flowers_82/image_01769.jpg,82
images/flowers_82/image_01770.jpg,82
images/flowers_82/image_01771.jpg,82
images/flowers_82/image_01772.jpg,82
images/flowers_82/image_01773.jpg,82
images/flowers_82/image_01774.jpg,82
images/flowers_77/image_01827.jpg,77
images/flowers_77/image_01828.jpg,77
images/flowers_77/image_01829.jpg,77
images/flowers_77/image_01830.jpg,77
images/flowers_77/image_01831.jpg,77
images/flowers_77/image_01832.jpg,77
images/flowers_77/image_01833.jpg,77
images/flowers_77/image_01834.jpg,77
images/flowers_77/image_01835.jpg,77
images/flowers_77/image_01836.jpg,77
images/flowers_77/image_01837.jpg,77
images/flowers_77/image_01838.jpg,77
images/flowers_77/image_01839.jpg,77
images/flowers_77/image_01840.jpg,77
images/flowers_77/image_01841.jpg,77
images/flowers_77/image_01842.jpg,77
images/flowers_77/image_01843.jpg,77
images/flowers_77/image_01844.jpg,77
images/flowers_77/image_01845.jpg,77
images/flowers_77/image_01846.jpg,77
images/flowers_77/image_01847.jpg,77
images/flowers_77/image_01848.jpg,77
images/flowers_77/image_01849.jpg,77
images/flowers_77/image_01850.jpg,77
images/flowers_77/image_01851.jpg,77
images/flowers_77/image_01852.jpg,77
images/flowers_77/image_01853.jpg,77
images/flowers_77/image_01854.jpg,77
images/flowers_77/image_01855.jpg,77
images/flowers_77/image_01856.jpg,77
images/flowers_77/image_01857.jpg,77
images/flowers_77/image_01858.jpg,77
images/flowers_77/image_01859.jpg,77
images/flowers_77/image_01860.jpg,77
images/flowers_77/image_01861.jpg,77
images/flowers_77/image_01862.jpg,77
images/flowers_77/image_01863.jpg,77
images/flowers_77/image_01864.jpg,77
images/flowers_77/image_01865.jpg,77
images/flowers_77/image_01866.jpg,77
images/flowers_77/image_01867.jpg,77
images/flowers_77/image_01868.jpg,77
images/flowers_77/image_01869.jpg,77
images/flowers_77/image_01870.jpg,77
images/flowers_77/image_01871.jpg,77
images/flowers_77/image_01872.jpg,77
images/flowers_77/image_01873.jpg,77
images/flowers_77/image_01874.jpg,77
images/flowers_77/image_01875.jpg,77
images/flowers_77/image_01876.jpg,77
images/flowers_77/image_01877.jpg,77
images/flowers_77/image_01878.jpg,77
images/flowers_77/image_01879.jpg,77
images/flowers_77/image_01880.jpg,77
images/flowers_77/image_01881.jpg,77
images/flowers_77/image_01882.jpg,77
images/flowers_77/image_01883.jpg,77
images/flowers_77/image_01884.jpg,77
images/flowers_77/image_01885.jpg,77
images/flowers_77/image_01886.jpg,77
images/flowers_77/image_01887.jpg,77
images/flowers_77/image_01888.jpg,77
images/flowers_77/image_01889.jpg,77
images/flowers_77/image_01890.jpg,77
images/flowers_77/image_01891.jpg,77
images/flowers_77/image_01892.jpg,77
images/flowers_77/image_01893.jpg,77
images/flowers_77/image_01894.jpg,77
images/flowers_77/image_01895.jpg,77
images/flowers_77/image_01896.jpg,77
images/flowers_77/image_01897.jpg,77
images/flowers_77/image_01898.jpg,77
images/flowers_77/image_01899.jpg,77
images/flowers_77/image_01900.jpg,77
images/flowers_77/image_01901.jpg,77
images/flowers_77/image_01902.jpg,77
images/flowers_77/image_01903.jpg,77
images/flowers_77/image_01904.jpg,77
images/flowers_77/image_01905.jpg,77
images/flowers_77/image_01906.jpg,77
images/flowers_77/image_01907.jpg,77
images/flowers_77/image_01908.jpg,77
images/flowers_77/image_01909.jpg,77
images/flowers_79/image_01964.jpg,79
images/flowers_79/image_01965.jpg,79
images/flowers_79/image_01966.jpg,79
images/flowers_79/image_01967.jpg,79
images/flowers_79/image_01968.jpg,79
images/flowers_79/image_01969.jpg,79
images/flowers_79/image_01970.jpg,79
images/flowers_79/image_01971.jpg,79
images/flowers_79/image_01972.jpg,79
images/flowers_79/image_01973.jpg,79
images/flowers_79/image_01974.jpg,79
images/flowers_79/image_01975.jpg,79
images/flowers_79/image_01976.jpg,79
images/flowers_79/image_01977.jpg,79
images/flowers_79/image_01978.jpg,79
images/flowers_79/image_01979.jpg,79
images/flowers_79/image_01980.jpg,79
images/flowers_79/image_01981.jpg,79
images/flowers_79/image_01982.jpg,79
images/flowers_79/image_01983.jpg,79
images/flowers_79/image_01984.jpg,79
images/flowers_79/image_01985.jpg,79
images/flowers_79/image_01986.jpg,79
images/flowers_79/image_01987.jpg,79
images/flowers_79/image_01988.jpg,79
images/flowers_79/image_01989.jpg,79
images/flowers_79/image_01990.jpg,79
images/flowers_79/image_01991.jpg,79
images/flowers_79/image_01992.jpg,79
images/flowers_79/image_01993.jpg,79
images/flowers_79/image_01994.jpg,79
images/flowers_79/image_01995.jpg,79
images/flowers_79/image_01996.jpg,79
images/flowers_79/image_01997.jpg,79
images/flowers_79/image_01998.jpg,79
images/flowers_79/image_01999.jpg,79
images/flowers_79/image_02000.jpg,79
images/flowers_79/image_02001.jpg,79
images/flowers_79/image_02002.jpg,79
images/flowers_79/image_02003.jpg,79
images/flowers_79/image_02004.jpg,79
images/flowers_79/image_02005.jpg,79
images/flowers_79/image_02006.jpg,79
images/flowers_79/image_02007.jpg,79
images/flowers_79/image_02008.jpg,79
images/flowers_79/image_02009.jpg,79
images/flowers_79/image_02010.jpg,79
images/flowers_79/image_02011.jpg,79
images/flowers_79/image_02012.jpg,79
images/flowers_79/image_02013.jpg,79
images/flowers_79/image_02014.jpg,79
images/flowers_79/image_02015.jpg,79
images/flowers_79/image_02016.jpg,79
images/flowers_79/image_02017.jpg,79
images/flowers_79/image_02018.jpg,79
images/flowers_79/image_02019.jpg,79
images/flowers_79/image_02020.jpg,79
images/flowers_79/image_02021.jpg,79
images/flowers_79/image_02022.jpg,79
images/flowers_79/image_02023.jpg,79
images/flowers_79/image_02024.jpg,79
images/flowers_79/image_02025.jpg,79
images/flowers_79/image_02026.jpg,79
images/flowers_79/image_02027.jpg,79
images/flowers_74/image_02069.jpg,74
images/flowers_74/image_02070.jpg,74
images/flowers_74/image_02071.jpg,74
images/flowers_74/image_02072.jpg,74
images/flowers_74/image_02073.jpg,74
images/flowers_74/image_02074.jpg,74
images/flowers_74/image_02075.jpg,74
images/flowers_74/image_02076.jpg,74
images/flowers_74/image_02077.jpg,74
images/flowers_74/image_02078.jpg,74
images/flowers_74/image_02079.jpg,74
images/flowers_74/image_02080.jpg,74
images/flowers_74/image_02081.jpg,74
images/flowers_74/image_02082.jpg,74
images/flowers_74/image_02083.jpg,74
images/flowers_74/image_02084.jpg,74
images/flowers_74/image_02085.jpg,74
images/flowers_74/image_02086.jpg,74
images/flowers_74/image_02087.jpg,74
images/flowers_74/image_02088.jpg,74
images/flowers_74/image_02089.jpg,74
images/flowers_74/image_02090.jpg,74
images/flowers_74/image_02091.jpg,74
images/flowers_74/image_02092.jpg,74
images/flowers_74/image_02093.jpg,74
images/flowers_74/image_02094.jpg,74
images/flowers_74/image_02095.jpg,74
images/flowers_74/image_02096.jpg,74
images/flowers_74/image_02097.jpg,74
images/flowers_74/image_02098.jpg,74
images/flowers_74/image_02099.jpg,74
images/flowers_74/image_02100.jpg,74
images/flowers_74/image_02101.jpg,74
images/flowers_74/image_02102.jpg,74
images/flowers_74/image_02103.jpg,74
images/flowers_74/image_02104.jpg,74
images/flowers_74/image_02105.jpg,74
images/flowers_74/image_02106.jpg,74
images/flowers_74/image_02107.jpg,74
images/flowers_74/image_02108.jpg,74
images/flowers_74/image_02109.jpg,74
images/flowers_74/image_02110.jpg,74
images/flowers_74/image_02111.jpg,74
images/flowers_74/image_02112.jpg,74
images/flowers_74/image_02113.jpg,74
images/flowers_74/image_02114.jpg,74
images/flowers_74/image_02115.jpg,74
images/flowers_74/image_02116.jpg,74
images/flowers_74/image_02117.jpg,74
images/flowers_74/image_02118.jpg,74
images/flowers_74/image_02119.jpg,74
images/flowers_74/image_02120.jpg,74
images/flowers_74/image_02121.jpg,74
images/flowers_74/image_02122.jpg,74
images/flowers_74/image_02123.jpg,74
images/flowers_74/image_02124.jpg,74
images/flowers_74/image_02125.jpg,74
images/flowers_74/image_02126.jpg,74
images/flowers_74/image_02127.jpg,74
images/flowers_74/image_02128.jpg,74
images/flowers_74/image_02129.jpg,74
images/flowers_74/image_02130.jpg,74
images/flowers_74/image_02131.jpg,74
images/flowers_74/image_02132.jpg,74
images/flowers_74/image_02133.jpg,74
images/flowers_74/image_02134.jpg,74
images/flowers_74/image_02135.jpg,74
images/flowers_74/image_02136.jpg,74
images/flowers_74/image_02137.jpg,74
images/flowers_74/image_02138.jpg,74
images/flowers_74/image_02139.jpg,74
images/flowers_74/image_02140.jpg,74
images/flowers_74/image_02141.jpg,74
images/flowers_75/image_02446.jpg,75
images/flowers_75/image_02447.jpg,75
images/flowers_75/image_02448.jpg,75
images/flowers_75/image_02449.jpg,75
images/flowers_75/image_02450.jpg,75
images/flowers_75/image_02451.jpg,75
images/flowers_75/image_02452.jpg,75
images/flowers_75/image_02453.jpg,75
images/flowers_75/image_02454.jpg,75
images/flowers_75/image_02455.jpg,75
images/flowers_75/image_02456.jpg,75
images/flowers_75/image_02457.jpg,75
images/flowers_75/image_02458.jpg,75
images/flowers_75/image_02459.jpg,75
images/flowers_75/image_02460.jpg,75
images/flowers_75/image_02461.jpg,75
images/flowers_75/image_02462.jpg,75
images/flowers_75/image_02463.jpg,75
images/flowers_75/image_02464.jpg,75
images/flowers_75/image_02465.jpg,75
images/flowers_75/image_02466.jpg,75
images/flowers_75/image_02467.jpg,75
images/flowers_75/image_02468.jpg,75
images/flowers_75/image_02469.jpg,75
images/flowers_75/image_02470.jpg,75
images/flowers_75/image_02471.jpg,75
images/flowers_75/image_02472.jpg,75
images/flowers_75/image_02473.jpg,75
images/flowers_75/image_02474.jpg,75
images/flowers_75/image_02475.jpg,75
images/flowers_75/image_02476.jpg,75
images/flowers_75/image_02477.jpg,75
images/flowers_75/image_02478.jpg,75
images/flowers_75/image_02479.jpg,75
images/flowers_75/image_02480.jpg,75
images/flowers_75/image_02481.jpg,75
images/flowers_75/image_02482.jpg,75
images/flowers_75/image_02483.jpg,75
images/flowers_75/image_02484.jpg,75
images/flowers_75/image_02485.jpg,75
images/flowers_75/image_02486.jpg,75
images/flowers_75/image_02487.jpg,75
images/flowers_75/image_02488.jpg,75
images/flowers_75/image_02489.jpg,75
images/flowers_75/image_02490.jpg,75
images/flowers_75/image_02491.jpg,75
images/flowers_75/image_02492.jpg,75
images/flowers_75/image_02493.jpg,75
images/flowers_75/image_02494.jpg,75
images/flowers_75/image_02495.jpg,75
images/flowers_75/image_02496.jpg,75
images/flowers_75/image_02497.jpg,75
images/flowers_75/image_02498.jpg,75
images/flowers_75/image_02499.jpg,75
images/flowers_75/image_02500.jpg,75
images/flowers_75/image_02501.jpg,75
images/flowers_75/image_02502.jpg,75
images/flowers_75/image_02503.jpg,75
images/flowers_75/image_02504.jpg,75
images/flowers_75/image_02505.jpg,75
images/flowers_75/image_02506.jpg,75
images/flowers_75/image_02507.jpg,75
images/flowers_75/image_02508.jpg,75
images/flowers_75/image_02509.jpg,75
images/flowers_75/image_02510.jpg,75
images/flowers_83/image_02553.jpg,83
images/flowers_83/image_02554.jpg,83
images/flowers_83/image_02555.jpg,83
images/flowers_83/image_02556.jpg,83
images/flowers_83/image_02557.jpg,83
images/flowers_83/image_02558.jpg,83
images/flowers_83/image_02559.jpg,83
images/flowers_83/image_02560.jpg,83
images/flowers_83/image_02561.jpg,83
images/flowers_83/image_02562.jpg,83
images/flowers_83/image_02563.jpg,83
images/flowers_83/image_02564.jpg,83
images/flowers_83/image_02565.jpg,83
images/flowers_83/image_02566.jpg,83
images/flowers_83/image_02567.jpg,83
images/flowers_83/image_02568.jpg,83
images/flowers_83/image_02569.jpg,83
images/flowers_83/image_02570.jpg,83
images/flowers_83/image_02571.jpg,83
images/flowers_83/image_02572.jpg,83
images/flowers_83/image_02573.jpg,83
images/flowers_83/image_02574.jpg,83
images/flowers_83/image_02575.jpg,83
images/flowers_83/image_02576.jpg,83
images/flowers_83/image_02577.jpg,83
images/flowers_83/image_02578.jpg,83
images/flowers_83/image_02579.jpg,83
images/flowers_83/image_02580.jpg,83
images/flowers_83/image_02581.jpg,83
images/flowers_83/image_02582.jpg,83
images/flowers_83/image_02583.jpg,83
images/flowers_83/image_02584.jpg,83
images/flowers_83/image_02585.jpg,83
images/flowers_83/image_02586.jpg,83
images/flowers_83/image_02587.jpg,83
images/flowers_83/image_02588.jpg,83
images/flowers_83/image_02589.jpg,83
images/flowers_83/image_02590.jpg,83
images/flowers_83/image_02591.jpg,83
images/flowers_83/image_02592.jpg,83
images/flowers_83/image_02593.jpg,83
images/flowers_83/image_02594.jpg,83
images/flowers_83/image_02595.jpg,83
images/flowers_83/image_02596.jpg,83
images/flowers_83/image_02597.jpg,83
images/flowers_83/image_02598.jpg,83
images/flowers_83/image_02599.jpg,83
images/flowers_83/image_02600.jpg,83
images/flowers_83/image_02601.jpg,83
images/flowers_83/image_02602.jpg,83
images/flowers_83/image_02603.jpg,83
images/flowers_83/image_02604.jpg,83
images/flowers_85/image_02862.jpg,85
images/flowers_85/image_02863.jpg,85
images/flowers_85/image_02864.jpg,85
images/flowers_85/image_02865.jpg,85
images/flowers_85/image_02866.jpg,85
images/flowers_85/image_02867.jpg,85
images/flowers_85/image_02868.jpg,85
images/flowers_85/image_02869.jpg,85
images/flowers_85/image_02870.jpg,85
images/flowers_85/image_02871.jpg,85
images/flowers_85/image_02872.jpg,85
images/flowers_85/image_02873.jpg,85
images/flowers_85/image_02874.jpg,85
images/flowers_85/image_02875.jpg,85
images/flowers_85/image_02876.jpg,85
images/flowers_85/image_02877.jpg,85
images/flowers_85/image_02878.jpg,85
images/flowers_85/image_02879.jpg,85
images/flowers_85/image_02880.jpg,85
images/flowers_85/image_02881.jpg,85
images/flowers_85/image_02882.jpg,85
images/flowers_85/image_02883.jpg,85
images/flowers_85/image_02884.jpg,85
images/flowers_85/image_02885.jpg,85
images/flowers_85/image_02886.jpg,85
images/flowers_85/image_02887.jpg,85
images/flowers_85/image_02888.jpg,85
images/flowers_85/image_02889.jpg,85
images/flowers_85/image_02890.jpg,85
images/flowers_85/image_02891.jpg,85
images/flowers_85/image_02892.jpg,85
images/flowers_85/image_02893.jpg,85
images/flowers_85/image_02894.jpg,85
images/flowers_85/image_02895.jpg,85
images/flowers_85/image_02896.jpg,85
images/flowers_91/image_03029.jpg,91
images/flowers_91/image_03030.jpg,91
images/flowers_91/image_03031.jpg,91
images/flowers_91/image_03032.jpg,91
images/flowers_91/image_03033.jpg,91
images/flowers_91/image_03034.jpg,91
images/flowers_91/image_03035.jpg,91
images/flowers_91/image_03036.jpg,91
images/flowers_91/image_03037.jpg,91
images/flowers_91/image_03038.jpg,91
images/flowers_91/image_03039.jpg,91
images/flowers_91/image_03040.jpg,91
images/flowers_91/image_03041.jpg,91
images/flowers_91/image_03042.jpg,91
images/flowers_91/image_03043.jpg,91
images/flowers_91/image_03044.jpg,91
images/flowers_91/image_03045.jpg,91
images/flowers_91/image_03046.jpg,91
images/flowers_91/image_03047.jpg,91
images/flowers_91/image_03048.jpg,91
images/flowers_91/image_03049.jpg,91
images/flowers_91/image_03050.jpg,91
images/flowers_91/image_03051.jpg,91
images/flowers_91/image_03052.jpg,91
images/flowers_91/image_03053.jpg,91
images/flowers_91/image_03054.jpg,91
images/flowers_91/image_03055.jpg,91
images/flowers_91/image_03056.jpg,91
images/flowers_91/image_03057.jpg,91
images/flowers_91/image_03058.jpg,91
images/flowers_91/image_03059.jpg,91
images/flowers_91/image_03060.jpg,91
images/flowers_91/image_03061.jpg,91
images/flowers_91/image_03062.jpg,91
images/flowers_91/image_03063.jpg,91
images/flowers_91/image_03064.jpg,91
images/flowers_91/image_03065.jpg,91
images/flowers_91/image_03066.jpg,91
images/flowers_91/image_03067.jpg,91
images/flowers_91/image_03068.jpg,91
images/flowers_64/image_03182.jpg,64
images/flowers_64/image_03183.jpg,64
images/flowers_64/image_03184.jpg,64
images/flowers_64/image_03185.jpg,64
images/flowers_64/image_03186.jpg,64
images/flowers_64/image_03187.jpg,64
images/flowers_64/image_03188.jpg,64
images/flowers_64/image_03189.jpg,64
images/flowers_64/image_03190.jpg,64
images/flowers_64/image_03191.jpg,64
images/flowers_64/image_03192.jpg,64
images/flowers_64/image_03193.jpg,64
images/flowers_64/image_03194.jpg,64
images/flowers_64/image_03195.jpg,64
images/flowers_64/image_03196.jpg,64
images/flowers_64/image_03197.jpg,64
images/flowers_64/image_03198.jpg,64
images/flowers_64/image_03199.jpg,64
images/flowers_64/image_03200.jpg,64
images/flowers_64/image_03201.jpg,64
images/flowers_64/image_03202.jpg,64
images/flowers_64/image_03203.jpg,64
images/flowers_64/image_03204.jpg,64
images/flowers_64/image_03205.jpg,64
images/flowers_64/image_03206.jpg,64
images/flowers_64/image_03207.jpg,64
images/flowers_64/image_03208.jpg,64
images/flowers_64/image_03209.jpg,64
images/flowers_64/image_03210.jpg,64
images/flowers_64/image_03211.jpg,64
images/flowers_64/image_03212.jpg,64
images/flowers_64/image_03213.jpg,64
images/flowers_64/image_03214.jpg,64
images/flowers_64/image_03215.jpg,64
images/flowers_64/image_03216.jpg,64
images/flowers_64/image_03217.jpg,64
images/flowers_64/image_03218.jpg,64
images/flowers_64/image_03219.jpg,64
images/flowers_64/image_03220.jpg,64
images/flowers_64/image_03221.jpg,64
images/flowers_64/image_03222.jpg,64
images/flowers_64/image_03223.jpg,64
images/flowers_64/image_03224.jpg,64
images/flowers_64/image_03225.jpg,64
images/flowers_64/image_03226.jpg,64
images/flowers_64/image_03227.jpg,64
images/flowers_64/image_03228.jpg,64
images/flowers_64/image_03229.jpg,64
images/flowers_64/image_03230.jpg,64
images/flowers_64/image_03231.jpg,64
images/flowers_64/image_03232.jpg,64
images/flowers_64/image_03233.jpg,64
images/flowers_64/image_03234.jpg,64
images/flowers_64/image_03235.jpg,64
images/flowers_64/image_03236.jpg,64
images/flowers_64/image_03237.jpg,64
images/flowers_64/image_03238.jpg,64
images/flowers_64/image_03239.jpg,64
images/flowers_64/image_03240.jpg,64
images/flowers_64/image_03241.jpg,64
images/flowers_64/image_03242.jpg,64
images/flowers_64/image_03243.jpg,64
images/flowers_71/image_03545.jpg,71
images/flowers_71/image_03546.jpg,71
images/flowers_71/image_03547.jpg,71
images/flowers_71/image_03548.jpg,71
images/flowers_71/image_03549.jpg,71
images/flowers_71/image_03550.jpg,71
images/flowers_71/image_03551.jpg,71
images/flowers_71/image_03552.jpg,71
images/flowers_71/image_03553.jpg,71
images/flowers_71/image_03554.jpg,71
images/flowers_71/image_03555.jpg,71
images/flowers_71/image_03556.jpg,71
images/flowers_71/image_03557.jpg,71
images/flowers_71/image_03558.jpg,71
images/flowers_71/image_03559.jpg,71
images/flowers_71/image_03560.jpg,71
images/flowers_71/image_03561.jpg,71
images/flowers_71/image_03562.jpg,71
images/flowers_71/image_03563.jpg,71
images/flowers_71/image_03564.jpg,71
images/flowers_71/image_03565.jpg,71
images/flowers_71/image_03566.jpg,71
images/flowers_71/image_03567.jpg,71
images/flowers_71/image_03568.jpg,71
images/flowers_71/image_03569.jpg,71
images/flowers_71/image_03570.jpg,71
images/flowers_71/image_03571.jpg,71
images/flowers_71/image_03572.jpg,71
images/flowers_71/image_03573.jpg,71
images/flowers_71/image_03574.jpg,71
images/flowers_71/image_03575.jpg,71
images/flowers_71/image_03576.jpg,71
images/flowers_71/image_03577.jpg,71
images/flowers_71/image_03578.jpg,71
images/flowers_71/image_03579.jpg,71
images/flowers_71/image_03580.jpg,71
images/flowers_71/image_03581.jpg,71
images/flowers_71/image_03582.jpg,71
images/flowers_71/image_03583.jpg,71
images/flowers_71/image_03584.jpg,71
images/flowers_71/image_03585.jpg,71
images/flowers_71/image_03586.jpg,71
images/flowers_71/image_03587.jpg,71
images/flowers_71/image_03588.jpg,71
images/flowers_71/image_03589.jpg,71
images/flowers_71/image_03590.jpg,71
images/flowers_71/image_03591.jpg,71
images/flowers_71/image_03592.jpg,71
images/flowers_71/image_03593.jpg,71
images/flowers_71/image_03594.jpg,71
images/flowers_71/image_03595.jpg,71
images/flowers_71/image_03596.jpg,71
images/flowers_71/image_03597.jpg,71
images/flowers_71/image_03598.jpg,71
images/flowers_71/image_03599.jpg,71
images/flowers_71/image_03600.jpg,71
images/flowers_71/image_03601.jpg,71
images/flowers_71/image_03602.jpg,71
images/flowers_89/image_04401.jpg,89
images/flowers_89/image_04402.jpg,89
images/flowers_89/image_04403.jpg,89
images/flowers_89/image_04404.jpg,89
images/flowers_89/image_04405.jpg,89
images/flowers_89/image_04406.jpg,89
images/flowers_89/image_04407.jpg,89
images/flowers_89/image_04408.jpg,89
images/flowers_89/image_04409.jpg,89
images/flowers_89/image_04410.jpg,89
images/flowers_89/image_04411.jpg,89
images/flowers_89/image_04412.jpg,89
images/flowers_89/image_04413.jpg,89
images/flowers_89/image_04414.jpg,89
images/flowers_89/image_04415.jpg,89
images/flowers_89/image_04416.jpg,89
images/flowers_89/image_04417.jpg,89
images/flowers_89/image_04418.jpg,89
images/flowers_89/image_04419.jpg,89
images/flowers_89/image_04420.jpg,89
images/flowers_89/image_04421.jpg,89
images/flowers_89/image_04422.jpg,89
images/flowers_89/image_04423.jpg,89
images/flowers_89/image_04424.jpg,89
images/flowers_89/image_04425.jpg,89
images/flowers_89/image_04426.jpg,89
images/flowers_89/image_04427.jpg,89
images/flowers_89/image_04428.jpg,89
images/flowers_89/image_04429.jpg,89
images/flowers_89/image_04430.jpg,89
images/flowers_89/image_04431.jpg,89
images/flowers_89/image_04432.jpg,89
images/flowers_89/image_04433.jpg,89
images/flowers_89/image_04434.jpg,89
images/flowers_89/image_04435.jpg,89
images/flowers_89/image_04436.jpg,89
images/flowers_89/image_04437.jpg,89
images/flowers_89/image_04438.jpg,89
images/flowers_89/image_04439.jpg,89
images/flowers_89/image_04440.jpg,89
images/flowers_89/image_04441.jpg,89
images/flowers_89/image_04442.jpg,89
images/flowers_89/image_04443.jpg,89
images/flowers_89/image_04444.jpg,89
images/flowers_89/image_04445.jpg,89
images/flowers_89/image_04446.jpg,89
images/flowers_89/image_04447.jpg,89
images/flowers_89/image_04448.jpg,89
images/flowers_89/image_04449.jpg,89
images/flowers_89/image_04450.jpg,89
images/flowers_70/image_04481.jpg,70
images/flowers_70/image_04482.jpg,70
images/flowers_70/image_04483.jpg,70
images/flowers_70/image_04484.jpg,70
images/flowers_70/image_04485.jpg,70
images/flowers_70/image_04486.jpg,70
images/flowers_70/image_04487.jpg,70
images/flowers_70/image_04488.jpg,70
images/flowers_70/image_04489.jpg,70
images/flowers_70/image_04490.jpg,70
images/flowers_70/image_04491.jpg,70
images/flowers_70/image_04492.jpg,70
images/flowers_70/image_04493.jpg,70
images/flowers_70/image_04494.jpg,70
images/flowers_70/image_04495.jpg,70
images/flowers_70/image_04496.jpg,70
images/flowers_70/image_04497.jpg,70
images/flowers_70/image_04498.jpg,70
images/flowers_70/image_04499.jpg,70
images/flowers_70/image_04500.jpg,70
images/flowers_70/image_04501.jpg,70
images/flowers_70/image_04502.jpg,70
images/flowers_70/image_04503.jpg,70
images/flowers_70/image_04504.jpg,70
images/flowers_70/image_04505.jpg,70
images/flowers_70/image_04506.jpg,70
images/flowers_70/image_04507.jpg,70
images/flowers_70/image_04508.jpg,70
images/flowers_70/image_04509.jpg,70
images/flowers_70/image_04510.jpg,70
images/flowers_70/image_04511.jpg,70
images/flowers_70/image_04512.jpg,70
images/flowers_70/image_04513.jpg,70
images/flowers_70/image_04514.jpg,70
images/flowers_70/image_04515.jpg,70
images/flowers_70/image_04516.jpg,70
images/flowers_70/image_04517.jpg,70
images/flowers_70/image_04518.jpg,70
images/flowers_70/image_04519.jpg,70
images/flowers_70/image_04520.jpg,70
images/flowers_70/image_04521.jpg,70
images/flowers_70/image_04522.jpg,70
images/flowers_70/image_04523.jpg,70
images/flowers_70/image_04524.jpg,70
images/flowers_70/image_04525.jpg,70
images/flowers_70/image_04526.jpg,70
images/flowers_70/image_04527.jpg,70
images/flowers_84/image_04767.jpg,84
images/flowers_84/image_04768.jpg,84
images/flowers_84/image_04769.jpg,84
images/flowers_84/image_04770.jpg,84
images/flowers_84/image_04771.jpg,84
images/flowers_84/image_04772.jpg,84
images/flowers_84/image_04773.jpg,84
images/flowers_84/image_04774.jpg,84
images/flowers_84/image_04775.jpg,84
images/flowers_84/image_04776.jpg,84
images/flowers_84/image_04777.jpg,84
images/flowers_84/image_04778.jpg,84
images/flowers_84/image_04779.jpg,84
images/flowers_84/image_04780.jpg,84
images/flowers_84/image_04781.jpg,84
images/flowers_84/image_04782.jpg,84
images/flowers_84/image_04783.jpg,84
images/flowers_84/image_04784.jpg,84
images/flowers_84/image_04785.jpg,84
images/flowers_84/image_04786.jpg,84
images/flowers_84/image_04787.jpg,84
images/flowers_84/image_04788.jpg,84
images/flowers_84/image_04789.jpg,84
images/flowers_84/image_04790.jpg,84
images/flowers_84/image_04791.jpg,84
images/flowers_84/image_04792.jpg,84
images/flowers_84/image_04793.jpg,84
images/flowers_84/image_04794.jpg,84
images/flowers_84/image_04795.jpg,84
images/flowers_84/image_04796.jpg,84
images/flowers_84/image_04797.jpg,84
images/flowers_84/image_04798.jpg,84
images/flowers_84/image_04799.jpg,84
images/flowers_84/image_04800.jpg,84
images/flowers_84/image_04801.jpg,84
images/flowers_84/image_04802.jpg,84
images/flowers_84/image_04803.jpg,84
images/flowers_84/image_04804.jpg,84
images/flowers_90/image_04829.jpg,90
images/flowers_90/image_04830.jpg,90
images/flowers_90/image_04831.jpg,90
images/flowers_90/image_04832.jpg,90
images/flowers_90/image_04833.jpg,90
images/flowers_90/image_04834.jpg,90
images/flowers_90/image_04835.jpg,90
images/flowers_90/image_04836.jpg,90
images/flowers_90/image_04837.jpg,90
images/flowers_90/image_04838.jpg,90
images/flowers_90/image_04839.jpg,90
images/flowers_90/image_04840.jpg,90
images/flowers_90/image_04841.jpg,90
images/flowers_90/image_04842.jpg,90
images/flowers_90/image_04843.jpg,90
images/flowers_90/image_04844.jpg,90
images/flowers_90/image_04845.jpg,90
images/flowers_90/image_04846.jpg,90
images/flowers_90/image_04847.jpg,90
images/flowers_90/image_04848.jpg,90
images/flowers_90/image_04849.jpg,90
images/flowers_90/image_04850.jpg,90
images/flowers_90/image_04851.jpg,90
images/flowers_90/image_04852.jpg,90
images/flowers_90/image_04853.jpg,90
images/flowers_90/image_04854.jpg,90
images/flowers_90/image_04855.jpg,90
images/flowers_90/image_04856.jpg,90
images/flowers_90/image_04857.jpg,90
images/flowers_90/image_04858.jpg,90
images/flowers_90/image_04859.jpg,90
images/flowers_90/image_04860.jpg,90
images/flowers_90/image_04861.jpg,90
images/flowers_90/image_04862.jpg,90
images/flowers_90/image_04863.jpg,90
images/flowers_90/image_04864.jpg,90
images/flowers_90/image_04865.jpg,90
images/flowers_90/image_04866.jpg,90
images/flowers_90/image_04867.jpg,90
images/flowers_90/image_04868.jpg,90
images/flowers_90/image_04869.jpg,90
images/flowers_90/image_04870.jpg,90
images/flowers_90/image_04871.jpg,90
images/flowers_90/image_04872.jpg,90
images/flowers_90/image_04873.jpg,90
images/flowers_90/image_04874.jpg,90
images/flowers_69/image_05278.jpg,69
images/flowers_69/image_05279.jpg,69
images/flowers_69/image_05280.jpg,69
images/flowers_69/image_05281.jpg,69
images/flowers_69/image_05282.jpg,69
images/flowers_69/image_05283.jpg,69
images/flowers_69/image_05284.jpg,69
images/flowers_69/image_05285.jpg,69
images/flowers_69/image_05286.jpg,69
images/flowers_69/image_05287.jpg,69
images/flowers_69/image_05288.jpg,69
images/flowers_69/image_05289.jpg,69
images/flowers_69/image_05290.jpg,69
images/flowers_69/image_05291.jpg,69
images/flowers_69/image_05292.jpg,69
images/flowers_69/image_05293.jpg,69
images/flowers_69/image_05294.jpg,69
images/flowers_69/image_05295.jpg,69
images/flowers_69/image_05296.jpg,69
images/flowers_69/image_05297.jpg,69
images/flowers_69/image_05298.jpg,69
images/flowers_69/image_05299.jpg,69
images/flowers_69/image_05300.jpg,69
images/flowers_69/image_05301.jpg,69
images/flowers_69/image_05302.jpg,69
images/flowers_69/image_05303.jpg,69
images/flowers_69/image_05304.jpg,69
images/flowers_69/image_05305.jpg,69
images/flowers_69/image_05306.jpg,69
images/flowers_69/image_05307.jpg,69
images/flowers_69/image_05308.jpg,69
images/flowers_69/image_05309.jpg,69
images/flowers_69/image_05310.jpg,69
images/flowers_69/image_05311.jpg,69
images/flowers_69/image_05312.jpg,69
images/flowers_69/image_05313.jpg,69
images/flowers_69/image_05314.jpg,69
images/flowers_69/image_05315.jpg,69
images/flowers_86/image_05460.jpg,86
images/flowers_86/image_05461.jpg,86
images/flowers_86/image_05462.jpg,86
images/flowers_86/image_05463.jpg,86
images/flowers_86/image_05464.jpg,86
images/flowers_86/image_05465.jpg,86
images/flowers_86/image_05466.jpg,86
images/flowers_86/image_05467.jpg,86
images/flowers_86/image_05468.jpg,86
images/flowers_86/image_05469.jpg,86
images/flowers_86/image_05470.jpg,86
images/flowers_86/image_05471.jpg,86
images/flowers_86/image_05472.jpg,86
images/flowers_86/image_05473.jpg,86
images/flowers_86/image_05474.jpg,86
images/flowers_86/image_05475.jpg,86
images/flowers_86/image_05476.jpg,86
images/flowers_86/image_05477.jpg,86
images/flowers_86/image_05478.jpg,86
images/flowers_86/image_05479.jpg,86
images/flowers_86/image_05480.jpg,86
images/flowers_86/image_05481.jpg,86
images/flowers_86/image_05482.jpg,86
images/flowers_86/image_05483.jpg,86
images/flowers_86/image_05484.jpg,86
images/flowers_86/image_05485.jpg,86
images/flowers_86/image_05486.jpg,86
images/flowers_86/image_05487.jpg,86
images/flowers_86/image_05488.jpg,86
images/flowers_86/image_05489.jpg,86
images/flowers_86/image_05490.jpg,86
images/flowers_86/image_05491.jpg,86
images/flowers_86/image_05492.jpg,86
images/flowers_86/image_05493.jpg,86
images/flowers_86/image_05494.jpg,86
images/flowers_86/image_05495.jpg,86
images/flowers_86/image_05496.jpg,86
images/flowers_86/image_05497.jpg,86
images/flowers_65/image_05523.jpg,65
images/flowers_65/image_05524.jpg,65
images/flowers_65/image_05525.jpg,65
images/flowers_65/image_05526.jpg,65
images/flowers_65/image_05527.jpg,65
images/flowers_65/image_05528.jpg,65
images/flowers_65/image_05529.jpg,65
images/flowers_65/image_05530.jpg,65
images/flowers_65/image_05531.jpg,65
images/flowers_65/image_05532.jpg,65
images/flowers_65/image_05533.jpg,65
images/flowers_65/image_05534.jpg,65
images/flowers_65/image_05535.jpg,65
images/flowers_65/image_05536.jpg,65
images/flowers_65/image_05537.jpg,65
images/flowers_65/image_05538.jpg,65
images/flowers_65/image_05539.jpg,65
images/flowers_65/image_05540.jpg,65
images/flowers_65/image_05541.jpg,65
images/flowers_65/image_05542.jpg,65
images/flowers_65/image_05543.jpg,65
images/flowers_65/image_05544.jpg,65
images/flowers_65/image_05545.jpg,65
images/flowers_65/image_05546.jpg,65
images/flowers_65/image_05547.jpg,65
images/flowers_65/image_05548.jpg,65
images/flowers_65/image_05549.jpg,65
images/flowers_65/image_05550.jpg,65
images/flowers_65/image_05551.jpg,65
images/flowers_65/image_05552.jpg,65
images/flowers_65/image_05553.jpg,65
images/flowers_65/image_05554.jpg,65
images/flowers_65/image_05555.jpg,65
images/flowers_65/image_05556.jpg,65
images/flowers_65/image_05557.jpg,65
images/flowers_65/image_05558.jpg,65
images/flowers_65/image_05559.jpg,65
images/flowers_62/image_05849.jpg,62
images/flowers_62/image_05850.jpg,62
images/flowers_62/image_05851.jpg,62
images/flowers_62/image_05852.jpg,62
images/flowers_62/image_05853.jpg,62
images/flowers_62/image_05854.jpg,62
images/flowers_62/image_05855.jpg,62
images/flowers_62/image_05856.jpg,62
images/flowers_62/image_05857.jpg,62
images/flowers_62/image_05858.jpg,62
images/flowers_62/image_05859.jpg,62
images/flowers_62/image_05860.jpg,62
images/flowers_62/image_05861.jpg,62
images/flowers_62/image_05862.jpg,62
images/flowers_62/image_05863.jpg,62
images/flowers_62/image_05864.jpg,62
images/flowers_62/image_05865.jpg,62
images/flowers_62/image_05866.jpg,62
images/flowers_62/image_05867.jpg,62
images/flowers_62/image_05868.jpg,62
images/flowers_62/image_05869.jpg,62
images/flowers_62/image_05870.jpg,62
images/flowers_62/image_05871.jpg,62
images/flowers_62/image_05872.jpg,62
images/flowers_62/image_05873.jpg,62
images/flowers_62/image_05874.jpg,62
images/flowers_62/image_05875.jpg,62
images/flowers_62/image_05876.jpg,62
images/flowers_62/image_05877.jpg,62
images/flowers_62/image_05878.jpg,62
images/flowers_62/image_05879.jpg,62
images/flowers_62/image_05880.jpg,62
images/flowers_62/image_05881.jpg,62
images/flowers_67/image_05903.jpg,67
images/flowers_67/image_05904.jpg,67
images/flowers_67/image_05905.jpg,67
images/flowers_67/image_05906.jpg,67
images/flowers_67/image_05907.jpg,67
images/flowers_67/image_05908.jpg,67
images/flowers_67/image_05909.jpg,67
images/flowers_67/image_05910.jpg,67
images/flowers_67/image_05911.jpg,67
images/flowers_67/image_05912.jpg,67
images/flowers_67/image_05913.jpg,67
images/flowers_67/image_05914.jpg,67
images/flowers_67/image_05915.jpg,67
images/flowers_67/image_05916.jpg,67
images/flowers_67/image_05917.jpg,67
images/flowers_67/image_05918.jpg,67
images/flowers_67/image_05919.jpg,67
images/flowers_67/image_05920.jpg,67
images/flowers_67/image_05921.jpg,67
images/flowers_67/image_05922.jpg,67
images/flowers_67/image_05923.jpg,67
images/flowers_67/image_05924.jpg,67
images/flowers_67/image_05925.jpg,67
images/flowers_67/image_05926.jpg,67
images/flowers_67/image_05927.jpg,67
images/flowers_67/image_05928.jpg,67
images/flowers_67/image_05929.jpg,67
images/flowers_67/image_05930.jpg,67
images/flowers_67/image_05931.jpg,67
images/flowers_67/image_05932.jpg,67
images/flowers_67/image_05933.jpg,67
images/flowers_67/image_05934.jpg,67
images/flowers_67/image_05935.jpg,67
images/flowers_68/image_05957.jpg,68
images/flowers_68/image_05958.jpg,68
images/flowers_68/image_05959.jpg,68
images/flowers_68/image_05960.jpg,68
images/flowers_68/image_05961.jpg,68
images/flowers_68/image_05962.jpg,68
images/flowers_68/image_05963.jpg,68
images/flowers_68/image_05964.jpg,68
images/flowers_68/image_05965.jpg,68
images/flowers_68/image_05966.jpg,68
images/flowers_68/image_05967.jpg,68
images/flowers_68/image_05968.jpg,68
images/flowers_68/image_05969.jpg,68
images/flowers_68/image_05970.jpg,68
images/flowers_68/image_05971.jpg,68
images/flowers_68/image_05972.jpg,68
images/flowers_68/image_05973.jpg,68
images/flowers_68/image_05974.jpg,68
images/flowers_68/image_05975.jpg,68
images/flowers_68/image_05976.jpg,68
images/flowers_68/image_05977.jpg,68
images/flowers_68/image_05978.jpg,68
images/flowers_68/image_05979.jpg,68
images/flowers_68/image_05980.jpg,68
images/flowers_68/image_05981.jpg,68
images/flowers_68/image_05982.jpg,68
images/flowers_68/image_05983.jpg,68
images/flowers_68/image_05984.jpg,68
images/flowers_68/image_05985.jpg,68
images/flowers_68/image_05986.jpg,68
images/flowers_68/image_05987.jpg,68
images/flowers_68/image_05988.jpg,68
images/flowers_68/image_05989.jpg,68
images/flowers_92/image_06011.jpg,92
images/flowers_92/image_06012.jpg,92
images/flowers_92/image_06013.jpg,92
images/flowers_92/image_06014.jpg,92
images/flowers_92/image_06015.jpg,92
images/flowers_92/image_06016.jpg,92
images/flowers_92/image_06017.jpg,92
images/flowers_92/image_06018.jpg,92
images/flowers_92/image_06019.jpg,92
images/flowers_92/image_06020.jpg,92
images/flowers_92/image_06021.jpg,92
images/flowers_92/image_06022.jpg,92
images/flowers_92/image_06023.jpg,92
images/flowers_92/image_06024.jpg,92
images/flowers_92/image_06025.jpg,92
images/flowers_92/image_06026.jpg,92
images/flowers_92/image_06027.jpg,92
images/flowers_92/image_06028.jpg,92
images/flowers_92/image_06029.jpg,92
images/flowers_92/image_06030.jpg,92
images/flowers_92/image_06031.jpg,92
images/flowers_92/image_06032.jpg,92
images/flowers_92/image_06033.jpg,92
images/flowers_92/image_06034.jpg,92
images/flowers_92/image_06035.jpg,92
images/flowers_92/image_06036.jpg,92
images/flowers_92/image_06037.jpg,92
images/flowers_92/image_06038.jpg,92
images/flowers_63/image_06097.jpg,63
images/flowers_63/image_06098.jpg,63
images/flowers_63/image_06099.jpg,63
images/flowers_63/image_06100.jpg,63
images/flowers_63/image_06101.jpg,63
images/flowers_63/image_06102.jpg,63
images/flowers_63/image_06103.jpg,63
images/flowers_63/image_06104.jpg,63
images/flowers_63/image_06105.jpg,63
images/flowers_63/image_06106.jpg,63
images/flowers_63/image_06107.jpg,63
images/flowers_63/image_06108.jpg,63
images/flowers_63/image_06109.jpg,63
images/flowers_63/image_06110.jpg,63
images/flowers_63/image_06111.jpg,63
images/flowers_63/image_06112.jpg,63
images/flowers_63/image_06113.jpg,63
images/flowers_63/image_06114.jpg,63
images/flowers_63/image_06115.jpg,63
images/flowers_63/image_06116.jpg,63
images/flowers_63/image_06117.jpg,63
images/flowers_63/image_06118.jpg,63
images/flowers_63/image_06119.jpg,63
images/flowers_63/image_06120.jpg,63
images/flowers_63/image_06121.jpg,63
images/flowers_63/image_06122.jpg,63
images/flowers_63/image_06123.jpg,63
images/flowers_63/image_06124.jpg,63
images/flowers_63/image_06125.jpg,63
images/flowers_63/image_06126.jpg,63
images/flowers_63/image_06127.jpg,63
images/flowers_63/image_06128.jpg,63
images/flowers_78/image_06693.jpg,78
images/flowers_78/image_06694.jpg,78
images/flowers_78/image_06695.jpg,78
images/flowers_78/image_06696.jpg,78
images/flowers_78/image_06697.jpg,78
images/flowers_78/image_06698.jpg,78
images/flowers_78/image_06699.jpg,78
images/flowers_78/image_06700.jpg,78
images/flowers_78/image_06701.jpg,78
images/flowers_78/image_06702.jpg,78
images/flowers_78/image_06703.jpg,78
images/flowers_78/image_06704.jpg,78
images/flowers_78/image_06705.jpg,78
images/flowers_78/image_06706.jpg,78
images/flowers_78/image_06707.jpg,78
images/flowers_78/image_06708.jpg,78
images/flowers_78/image_06709.jpg,78
images/flowers_78/image_06710.jpg,78
images/flowers_78/image_06711.jpg,78
images/flowers_78/image_06712.jpg,78
images/flowers_78/image_06713.jpg,78
images/flowers_78/image_06714.jpg,78
images/flowers_78/image_06715.jpg,78
images/flowers_78/image_06716.jpg,78
images/flowers_78/image_06717.jpg,78
images/flowers_66/image_07046.jpg,66
images/flowers_66/image_07047.jpg,66
images/flowers_66/image_07048.jpg,66
images/flowers_66/image_07049.jpg,66
images/flowers_66/image_07050.jpg,66
images/flowers_66/image_07051.jpg,66
images/flowers_66/image_07052.jpg,66
images/flowers_66/image_07053.jpg,66
images/flowers_66/image_07054.jpg,66
images/flowers_66/image_07055.jpg,66
images/flowers_66/image_07056.jpg,66
images/flowers_66/image_07057.jpg,66
images/flowers_66/image_07058.jpg,66
images/flowers_66/image_07059.jpg,66
images/flowers_66/image_07060.jpg,66
images/flowers_66/image_07061.jpg,66
images/flowers_66/image_07062.jpg,66
images/flowers_66/image_07063.jpg,66
images/flowers_66/image_07064.jpg,66
images/flowers_66/image_07065.jpg,66
images/flowers_66/image_07066.jpg,66
images/flowers_66/image_07067.jpg,66
images/flowers_66/image_07068.jpg,66
images/flowers_66/image_07069.jpg,66
images/flowers_66/image_07070.jpg,66
images/flowers_66/image_07071.jpg,66
images/flowers_93/image_07304.jpg,93
images/flowers_93/image_07305.jpg,93
images/flowers_93/image_07306.jpg,93
images/flowers_93/image_07307.jpg,93
images/flowers_93/image_07308.jpg,93
images/flowers_93/image_07309.jpg,93
images/flowers_93/image_07310.jpg,93
images/flowers_93/image_07311.jpg,93
images/flowers_93/image_07312.jpg,93
images/flowers_93/image_07313.jpg,93
images/flowers_93/image_07314.jpg,93
images/flowers_93/image_07315.jpg,93
images/flowers_93/image_07316.jpg,93
images/flowers_93/image_07317.jpg,93
images/flowers_93/image_07318.jpg,93
images/flowers_93/image_07319.jpg,93
images/flowers_93/image_07320.jpg,93
images/flowers_93/image_07321.jpg,93
images/flowers_93/image_07322.jpg,93
images/flowers_93/image_07323.jpg,93
images/flowers_93/image_07324.jpg,93
images/flowers_93/image_07325.jpg,93
images/flowers_93/image_07326.jpg,93
images/flowers_93/image_07327.jpg,93
images/flowers_93/image_07328.jpg,93
images/flowers_93/image_07329.jpg,93
images/flowers_93/image_07330.jpg,93
images/flowers_93/image_07331.jpg,93
images/flowers_93/image_07332.jpg,93
images/flowers_93/image_07333.jpg,93
images/flowers_93/image_07334.jpg,93
images/flowers_93/image_07335.jpg,93
images/flowers_93/image_07336.jpg,93
images/flowers_93/image_07337.jpg,93
images/flowers_93/image_07338.jpg,93
images/flowers_93/image_07339.jpg,93
images/flowers_93/image_07340.jpg,93
images/flowers_93/image_07341.jpg,93
images/flowers_93/image_07342.jpg,93
images/flowers_93/image_07343.jpg,93
images/flowers_93/image_07344.jpg,93
images/flowers_93/image_07345.jpg,93
images/flowers_93/image_07346.jpg,93
images/flowers_93/image_07347.jpg,93
images/flowers_93/image_07348.jpg,93
images/flowers_93/image_07349.jpg,93
images/flowers_93/image_07350.jpg,93
images/flowers_93/image_07351.jpg,93
images/flowers_93/image_07352.jpg,93
images/flowers_93/image_07353.jpg,93
images/flowers_93/image_07354.jpg,93
images/flowers_93/image_07355.jpg,93
images/flowers_93/image_07356.jpg,93
images/flowers_93/image_07357.jpg,93
images/flowers_93/image_07358.jpg,93
images/flowers_93/image_07359.jpg,93
images/flowers_93/image_07360.jpg,93
images/flowers_93/image_07361.jpg,93
images/flowers_93/image_07362.jpg,93
images/flowers_93/image_07363.jpg,93
images/flowers_93/image_07364.jpg,93
images/flowers_93/image_07365.jpg,93
images/flowers_93/image_07366.jpg,93
images/flowers_93/image_07367.jpg,93
images/flowers_93/image_07368.jpg,93
images/flowers_93/image_07369.jpg,93
images/flowers_93/image_07370.jpg,93
images/flowers_93/image_07371.jpg,93
images/flowers_93/image_07372.jpg,93
images/flowers_93/image_07373.jpg,93
images/flowers_93/image_07374.jpg,93
images/flowers_93/image_07375.jpg,93
images/flowers_93/image_07376.jpg,93
images/flowers_93/image_07377.jpg,93
images/flowers_93/image_07378.jpg,93
images/flowers_93/image_07379.jpg,93
images/flowers_93/image_07380.jpg,93
images/flowers_93/image_07381.jpg,93
images/flowers_93/image_07382.jpg,93
images/flowers_93/image_07383.jpg,93
images/flowers_93/image_07384.jpg,93
images/flowers_93/image_07385.jpg,93
images/flowers_93/image_07386.jpg,93
images/flowers_93/image_07387.jpg,93
images/flowers_93/image_07388.jpg,93
images/flowers_93/image_07389.jpg,93
images/flowers_93/image_07390.jpg,93
images/flowers_93/image_07391.jpg,93
images/flowers_93/image_07392.jpg,93
images/flowers_93/image_07393.jpg,93
images/flowers_93/image_07394.jpg,93
images/flowers_93/image_07395.jpg,93
images/flowers_93/image_07396.jpg,93
images/flowers_93/image_07397.jpg,93
images/flowers_93/image_07398.jpg,93
images/flowers_93/image_07399.jpg,93
images/flowers_93/image_07400.jpg,93
images/flowers_93/image_07401.jpg,93
images/flowers_94/image_07466.jpg,94
images/flowers_94/image_07467.jpg,94
images/flowers_94/image_07468.jpg,94
images/flowers_94/image_07469.jpg,94
images/flowers_94/image_07470.jpg,94
images/flowers_94/image_07471.jpg,94
images/flowers_94/image_07472.jpg,94
images/flowers_94/image_07473.jpg,94
images/flowers_94/image_07474.jpg,94
images/flowers_94/image_07475.jpg,94
images/flowers_94/image_07476.jpg,94
images/flowers_94/image_07477.jpg,94
images/flowers_94/image_07478.jpg,94
images/flowers_94/image_07479.jpg,94
images/flowers_94/image_07480.jpg,94
images/flowers_94/image_07481.jpg,94
images/flowers_94/image_07482.jpg,94
images/flowers_94/image_07483.jpg,94
images/flowers_94/image_07484.jpg,94
images/flowers_94/image_07485.jpg,94
images/flowers_94/image_07486.jpg,94
images/flowers_94/image_07487.jpg,94
images/flowers_94/image_07488.jpg,94
images/flowers_94/image_07489.jpg,94
images/flowers_94/image_07490.jpg,94
images/flowers_94/image_07491.jpg,94
images/flowers_94/image_07492.jpg,94
images/flowers_94/image_07493.jpg,94
images/flowers_94/image_07494.jpg,94
images/flowers_94/image_07495.jpg,94
images/flowers_94/image_07496.jpg,94
images/flowers_94/image_07497.jpg,94
images/flowers_94/image_07498.jpg,94
images/flowers_94/image_07499.jpg,94
images/flowers_94/image_07500.jpg,94
images/flowers_94/image_07501.jpg,94
images/flowers_94/image_07502.jpg,94
images/flowers_94/image_07503.jpg,94
images/flowers_94/image_07504.jpg,94
images/flowers_94/image_07505.jpg,94
images/flowers_94/image_07506.jpg,94
images/flowers_94/image_07507.jpg,94
images/flowers_94/image_07508.jpg,94
images/flowers_94/image_07509.jpg,94
images/flowers_94/image_07510.jpg,94
images/flowers_94/image_07511.jpg,94
images/flowers_94/image_07512.jpg,94
images/flowers_94/image_07513.jpg,94
images/flowers_94/image_07514.jpg,94
images/flowers_94/image_07515.jpg,94
images/flowers_94/image_07516.jpg,94
images/flowers_94/image_07517.jpg,94
images/flowers_94/image_07518.jpg,94
images/flowers_94/image_07519.jpg,94
images/flowers_94/image_07520.jpg,94
images/flowers_94/image_07521.jpg,94
images/flowers_94/image_07522.jpg,94
images/flowers_94/image_07523.jpg,94
images/flowers_94/image_07524.jpg,94
images/flowers_94/image_07525.jpg,94
images/flowers_94/image_07526.jpg,94
images/flowers_94/image_07527.jpg,94
images/flowers_94/image_07528.jpg,94
images/flowers_94/image_07529.jpg,94
images/flowers_94/image_07530.jpg,94
images/flowers_94/image_07531.jpg,94
images/flowers_94/image_07532.jpg,94
images/flowers_94/image_07533.jpg,94
images/flowers_94/image_07534.jpg,94
images/flowers_94/image_07535.jpg,94
images/flowers_94/image_07536.jpg,94
images/flowers_94/image_07537.jpg,94
images/flowers_94/image_07538.jpg,94
images/flowers_94/image_07539.jpg,94
images/flowers_94/image_07540.jpg,94
images/flowers_94/image_07541.jpg,94
images/flowers_94/image_07542.jpg,94
images/flowers_95/image_07594.jpg,95
images/flowers_95/image_07595.jpg,95
images/flowers_95/image_07596.jpg,95
images/flowers_95/image_07597.jpg,95
images/flowers_95/image_07598.jpg,95
images/flowers_95/image_07599.jpg,95
images/flowers_95/image_07600.jpg,95
images/flowers_95/image_07601.jpg,95
images/flowers_95/image_07602.jpg,95
images/flowers_95/image_07603.jpg,95
images/flowers_95/image_07604.jpg,95
images/flowers_95/image_07605.jpg,95
images/flowers_95/image_07606.jpg,95
images/flowers_95/image_07607.jpg,95
images/flowers_95/image_07608.jpg,95
images/flowers_95/image_07609.jpg,95
images/flowers_95/image_07610.jpg,95
images/flowers_95/image_07611.jpg,95
images/flowers_95/image_07612.jpg,95
images/flowers_95/image_07613.jpg,95
images/flowers_95/image_07614.jpg,95
images/flowers_95/image_07615.jpg,95
images/flowers_95/image_07616.jpg,95
images/flowers_95/image_07617.jpg,95
images/flowers_95/image_07618.jpg,95
images/flowers_95/image_07619.jpg,95
images/flowers_95/image_07620.jpg,95
images/flowers_95/image_07621.jpg,95
images/flowers_95/image_07622.jpg,95
images/flowers_95/image_07623.jpg,95
images/flowers_95/image_07624.jpg,95
images/flowers_95/image_07625.jpg,95
images/flowers_95/image_07626.jpg,95
images/flowers_95/image_07627.jpg,95
images/flowers_95/image_07628.jpg,95
images/flowers_95/image_07629.jpg,95
images/flowers_95/image_07630.jpg,95
images/flowers_95/image_07631.jpg,95
images/flowers_95/image_07632.jpg,95
images/flowers_95/image_07633.jpg,95
images/flowers_95/image_07634.jpg,95
images/flowers_95/image_07635.jpg,95
images/flowers_95/image_07636.jpg,95
images/flowers_95/image_07637.jpg,95
images/flowers_95/image_07638.jpg,95
images/flowers_95/image_07639.jpg,95
images/flowers_95/image_07640.jpg,95
images/flowers_95/image_07641.jpg,95
images/flowers_95/image_07642.jpg,95
images/flowers_95/image_07643.jpg,95
images/flowers_95/image_07644.jpg,95
images/flowers_95/image_07645.jpg,95
images/flowers_95/image_07646.jpg,95
images/flowers_95/image_07647.jpg,95
images/flowers_95/image_07648.jpg,95
images/flowers_96/image_07685.jpg,96
images/flowers_96/image_07686.jpg,96
images/flowers_96/image_07687.jpg,96
images/flowers_96/image_07688.jpg,96
images/flowers_96/image_07689.jpg,96
images/flowers_96/image_07690.jpg,96
images/flowers_96/image_07691.jpg,96
images/flowers_96/image_07692.jpg,96
images/flowers_96/image_07693.jpg,96
images/flowers_96/image_07694.jpg,96
images/flowers_96/image_07695.jpg,96
images/flowers_96/image_07696.jpg,96
images/flowers_96/image_07697.jpg,96
images/flowers_96/image_07698.jpg,96
images/flowers_96/image_07699.jpg,96
images/flowers_96/image_07700.jpg,96
images/flowers_96/image_07701.jpg,96
images/flowers_96/image_07702.jpg,96
images/flowers_96/image_07703.jpg,96
images/flowers_96/image_07704.jpg,96
images/flowers_96/image_07705.jpg,96
images/flowers_96/image_07706.jpg,96
images/flowers_96/image_07707.jpg,96
images/flowers_96/image_07708.jpg,96
images/flowers_96/image_07709.jpg,96
images/flowers_96/image_07710.jpg,96
images/flowers_96/image_07711.jpg,96
images/flowers_96/image_07712.jpg,96
images/flowers_96/image_07713.jpg,96
images/flowers_96/image_07714.jpg,96
images/flowers_96/image_07715.jpg,96
images/flowers_96/image_07716.jpg,96
images/flowers_96/image_07717.jpg,96
images/flowers_96/image_07718.jpg,96
images/flowers_96/image_07719.jpg,96
images/flowers_96/image_07720.jpg,96
images/flowers_96/image_07721.jpg,96
images/flowers_96/image_07722.jpg,96
images/flowers_96/image_07723.jpg,96
images/flowers_96/image_07724.jpg,96
images/flowers_97/image_07751.jpg,97
images/flowers_97/image_07752.jpg,97
images/flowers_97/image_07753.jpg,97
images/flowers_97/image_07754.jpg,97
images/flowers_97/image_07755.jpg,97
images/flowers_97/image_07756.jpg,97
images/flowers_97/image_07757.jpg,97
images/flowers_97/image_07758.jpg,97
images/flowers_97/image_07759.jpg,97
images/flowers_97/image_07760.jpg,97
images/flowers_97/image_07761.jpg,97
images/flowers_97/image_07762.jpg,97
images/flowers_97/image_07763.jpg,97
images/flowers_97/image_07764.jpg,97
images/flowers_97/image_07765.jpg,97
images/flowers_97/image_07766.jpg,97
images/flowers_97/image_07767.jpg,97
images/flowers_97/image_07768.jpg,97
images/flowers_97/image_07769.jpg,97
images/flowers_97/image_07770.jpg,97
images/flowers_97/image_07771.jpg,97
images/flowers_97/image_07772.jpg,97
images/flowers_97/image_07773.jpg,97
images/flowers_97/image_07774.jpg,97
images/flowers_97/image_07775.jpg,97
images/flowers_97/image_07776.jpg,97
images/flowers_97/image_07777.jpg,97
images/flowers_97/image_07778.jpg,97
images/flowers_97/image_07779.jpg,97
images/flowers_97/image_07780.jpg,97
images/flowers_97/image_07781.jpg,97
images/flowers_97/image_07782.jpg,97
images/flowers_97/image_07783.jpg,97
images/flowers_97/image_07784.jpg,97
images/flowers_97/image_07785.jpg,97
images/flowers_97/image_07786.jpg,97
images/flowers_97/image_07787.jpg,97
images/flowers_97/image_07788.jpg,97
images/flowers_97/image_07789.jpg,97
images/flowers_97/image_07790.jpg,97
images/flowers_97/image_07791.jpg,97
images/flowers_97/image_07792.jpg,97
images/flowers_97/image_07793.jpg,97
images/flowers_97/image_07794.jpg,97
images/flowers_97/image_07795.jpg,97
images/flowers_97/image_07796.jpg,97
images/flowers_97/image_07797.jpg,97
images/flowers_97/image_07798.jpg,97
images/flowers_97/image_07799.jpg,97
images/flowers_97/image_07800.jpg,97
images/flowers_98/image_07833.jpg,98
images/flowers_98/image_07834.jpg,98
images/flowers_98/image_07835.jpg,98
images/flowers_98/image_07836.jpg,98
images/flowers_98/image_07837.jpg,98
images/flowers_98/image_07838.jpg,98
images/flowers_98/image_07839.jpg,98
images/flowers_98/image_07840.jpg,98
images/flowers_98/image_07841.jpg,98
images/flowers_98/image_07842.jpg,98
images/flowers_98/image_07843.jpg,98
images/flowers_98/image_07844.jpg,98
images/flowers_98/image_07845.jpg,98
images/flowers_98/image_07846.jpg,98
images/flowers_98/image_07847.jpg,98
images/flowers_98/image_07848.jpg,98
images/flowers_98/image_07849.jpg,98
images/flowers_98/image_07850.jpg,98
images/flowers_98/image_07851.jpg,98
images/flowers_98/image_07852.jpg,98
images/flowers_98/image_07853.jpg,98
images/flowers_98/image_07854.jpg,98
images/flowers_98/image_07855.jpg,98
images/flowers_98/image_07856.jpg,98
images/flowers_98/image_07857.jpg,98
images/flowers_98/image_07858.jpg,98
images/flowers_98/image_07859.jpg,98
images/flowers_98/image_07860.jpg,98
images/flowers_98/image_07861.jpg,98
images/flowers_98/image_07862.jpg,98
images/flowers_98/image_07863.jpg,98
images/flowers_98/image_07864.jpg,98
images/flowers_98/image_07865.jpg,98
images/flowers_98/image_07866.jpg,98
images/flowers_98/image_07867.jpg,98
images/flowers_98/image_07868.jpg,98
images/flowers_98/image_07869.jpg,98
images/flowers_98/image_07870.jpg,98
images/flowers_99/image_07893.jpg,99
images/flowers_99/image_07894.jpg,99
images/flowers_99/image_07895.jpg,99
images/flowers_99/image_07896.jpg,99
images/flowers_99/image_07897.jpg,99
images/flowers_99/image_07898.jpg,99
images/flowers_99/image_07899.jpg,99
images/flowers_99/image_07900.jpg,99
images/flowers_99/image_07901.jpg,99
images/flowers_99/image_07902.jpg,99
images/flowers_99/image_07903.jpg,99
images/flowers_99/image_07904.jpg,99
images/flowers_99/image_07905.jpg,99
images/flowers_99/image_07906.jpg,99
images/flowers_99/image_07907.jpg,99
images/flowers_99/image_07908.jpg,99
images/flowers_99/image_07909.jpg,99
images/flowers_99/image_07910.jpg,99
images/flowers_99/image_07911.jpg,99
images/flowers_99/image_07912.jpg,99
images/flowers_99/image_07913.jpg,99
images/flowers_99/image_07914.jpg,99
images/flowers_99/image_07915.jpg,99
images/flowers_99/image_07916.jpg,99
images/flowers_99/image_07917.jpg,99
images/flowers_99/image_07918.jpg,99
images/flowers_99/image_07919.jpg,99
images/flowers_99/image_07920.jpg,99
images/flowers_99/image_07921.jpg,99
images/flowers_99/image_07922.jpg,99
images/flowers_100/image_07942.jpg,100
images/flowers_100/image_07943.jpg,100
images/flowers_100/image_07944.jpg,100
images/flowers_100/image_07945.jpg,100
images/flowers_100/image_07946.jpg,100
images/flowers_100/image_07947.jpg,100
images/flowers_100/image_07948.jpg,100
images/flowers_100/image_07949.jpg,100
images/flowers_100/image_07950.jpg,100
images/flowers_100/image_07951.jpg,100
images/flowers_100/image_07952.jpg,100
images/flowers_100/image_07953.jpg,100
images/flowers_100/image_07954.jpg,100
images/flowers_100/image_07955.jpg,100
images/flowers_100/image_07956.jpg,100
images/flowers_100/image_07957.jpg,100
images/flowers_100/image_07958.jpg,100
images/flowers_100/image_07959.jpg,100
images/flowers_100/image_07960.jpg,100
images/flowers_100/image_07961.jpg,100
images/flowers_100/image_07962.jpg,100
images/flowers_100/image_07963.jpg,100
images/flowers_100/image_07964.jpg,100
images/flowers_100/image_07965.jpg,100
images/flowers_100/image_07966.jpg,100
images/flowers_100/image_07967.jpg,100
images/flowers_100/image_07968.jpg,100
images/flowers_100/image_07969.jpg,100
images/flowers_100/image_07970.jpg,100
images/flowers_100/image_07971.jpg,100
images/flowers_100/image_07972.jpg,100
images/flowers_100/image_07973.jpg,100
images/flowers_100/image_07974.jpg,100
images/flowers_100/image_07975.jpg,100
images/flowers_100/image_07976.jpg,100
images/flowers_101/image_08000.jpg,101
images/flowers_101/image_08001.jpg,101
images/flowers_101/image_08002.jpg,101
images/flowers_101/image_08003.jpg,101
images/flowers_101/image_08004.jpg,101
images/flowers_101/image_08005.jpg,101
images/flowers_101/image_08006.jpg,101
images/flowers_101/image_08007.jpg,101
images/flowers_101/image_08008.jpg,101
images/flowers_101/image_08009.jpg,101
images/flowers_101/image_08010.jpg,101
images/flowers_101/image_08011.jpg,101
images/flowers_101/image_08012.jpg,101
images/flowers_101/image_08013.jpg,101
images/flowers_101/image_08014.jpg,101
images/flowers_101/image_08015.jpg,101
images/flowers_101/image_08016.jpg,101
images/flowers_101/image_08017.jpg,101
images/flowers_101/image_08018.jpg,101
images/flowers_101/image_08019.jpg,101
images/flowers_101/image_08020.jpg,101
images/flowers_101/image_08021.jpg,101
images/flowers_101/image_08022.jpg,101
images/flowers_101/image_08023.jpg,101
images/flowers_101/image_08024.jpg,101
images/flowers_101/image_08025.jpg,101
images/flowers_101/image_08026.jpg,101
images/flowers_101/image_08027.jpg,101
images/flowers_101/image_08028.jpg,101